Nr,Naam,UCI ID,Nat,Club,UCI Rank,category_full,category_hint,series_name,race_name,race_date,race_location,race_id,rider_name,races_so_far,avg_place_last3,best_place_last5,last_place,days_since_last_race,last_carried_points,last_scored_points,predicted_place,predicted_rank
1.0,AERTS Toon,10007586087.0,BEL,DESCHACHT-HENS CX TEAM,2.0,Men Elite,Men,Telenet Superprestige,AARDBEIENCROSS-MERKSPLAS,2025-11-15,,20251115_telenet-superprestige_aardbeiencross-merksplas_noloc,AERTS Toon,,,,,,,,6.766666666666667,1.0
2.0,NYS Thibau,10065004835.0,BEL,BALOISE GLOWI LIONS,9.0,Men Elite,Men,Telenet Superprestige,AARDBEIENCROSS-MERKSPLAS,2025-11-15,,20251115_telenet-superprestige_aardbeiencross-merksplas_noloc,NYS Thibau,,,,,,,,6.766666666666667,2.0
3.0,VANTHOURENHOUT Michael,10007155651.0,BEL,PAUWELS SAUZEN - ALTEZ INDUSTRIEBOUW CT,1.0,Men Elite,Men,Telenet Superprestige,AARDBEIENCROSS-MERKSPLAS,2025-11-15,,20251115_telenet-superprestige_aardbeiencross-merksplas_noloc,VANTHOURENHOUT Michael,,,,,,,,6.766666666666667,3.0
4.0,VANDEPUTTE Niels,10016327609.0,BEL,ALPECIN-DECEUNINCK DEVELOPMENT TEAM,4.0,Men Elite,Men,Telenet Superprestige,AARDBEIENCROSS-MERKSPLAS,2025-11-15,,20251115_telenet-superprestige_aardbeiencross-merksplas_noloc,VANDEPUTTE Niels,,,,,,,,6.766666666666667,4.0
5.0,WYSEURE Joran,10064921777.0,BEL,CRELAN-CORENDON,5.0,Men Elite,Men,Telenet Superprestige,AARDBEIENCROSS-MERKSPLAS,2025-11-15,,20251115_telenet-superprestige_aardbeiencross-merksplas_noloc,WYSEURE Joran,,,,,,,,6.766666666666667,5.0
6.0,SWEECK Laurens,10006912646.0,BEL,CRELAN-CORENDON,7.0,Men Elite,Men,Telenet Superprestige,AARDBEIENCROSS-MERKSPLAS,2025-11-15,,20251115_telenet-superprestige_aardbeiencross-merksplas_noloc,SWEECK Laurens,,,,,,,,6.766666666666667,6.0
7.0,VAN DER HAAR Lars,10006118660.0,NED,BALOISE GLOWI LIONS,8.0,Men Elite,Men,Telenet Superprestige,AARDBEIENCROSS-MERKSPLAS,2025-11-15,,20251115_telenet-superprestige_aardbeiencross-merksplas_noloc,VAN DER HAAR Lars,,,,,,,,6.766666666666667,7.0
8.0,RONHAAR Pim,10023108212.0,NED,BALOISE GLOWI LIONS,10.0,Men Elite,Men,Telenet Superprestige,AARDBEIENCROSS-MERKSPLAS,2025-11-15,,20251115_telenet-superprestige_aardbeiencross-merksplas_noloc,RONHAAR Pim,,,,,,,,6.766666666666667,8.0
9.0,ORTS LLORET Felipe,10009004715.0,ESP,RIDLEY RACING TEAM,11.0,Men Elite,Men,Telenet Superprestige,AARDBEIENCROSS-MERKSPLAS,2025-11-15,,20251115_telenet-superprestige_aardbeiencross-merksplas_noloc,ORTS LLORET Felipe,,,,,,,,6.766666666666667,9.0
10.0,KUHN Kevin,10009746763.0,SUI,HEIZOMAT - CUBE,14.0,Men Elite,Men,Telenet Superprestige,AARDBEIENCROSS-MERKSPLAS,2025-11-15,,20251115_telenet-superprestige_aardbeiencross-merksplas_noloc,KUHN Kevin,,,,,,,,6.766666666666667,10.0
11.0,NIEUWENHUIS Joris,10008705833.0,NED,RIDLEY RACING TEAM,15.0,Men Elite,Men,Telenet Superprestige,AARDBEIENCROSS-MERKSPLAS,2025-11-15,,20251115_telenet-superprestige_aardbeiencross-merksplas_noloc,NIEUWENHUIS Joris,,,,,,,,6.766666666666667,11.0
12.0,MASON Cameron,10023574923.0,GBR,SEVEN RACING,18.0,Men Elite,Men,Telenet Superprestige,AARDBEIENCROSS-MERKSPLAS,2025-11-15,,20251115_telenet-superprestige_aardbeiencross-merksplas_noloc,MASON Cameron,,,,,,,,6.766666666666667,12.0
13.0,MICHELS Jente,10065014333.0,BEL,ALPECIN-DECEUNINCK DEVELOPMENT TEAM,20.0,Men Elite,Men,Telenet Superprestige,AARDBEIENCROSS-MERKSPLAS,2025-11-15,,20251115_telenet-superprestige_aardbeiencross-merksplas_noloc,MICHELS Jente,,,,,,,,6.766666666666667,13.0
14.0,HENDRIKX Mees,10016519484.0,NED,HEIZOMAT - CUBE,22.0,Men Elite,Men,Telenet Superprestige,AARDBEIENCROSS-MERKSPLAS,2025-11-15,,20251115_telenet-superprestige_aardbeiencross-merksplas_noloc,HENDRIKX Mees,,,,,,,,6.766666666666667,14.0
15.0,KAMP Ryan,10023356166.0,NED,ALPECIN-DECEUNINCK DEVELOPMENT TEAM,24.0,Men Elite,Men,Telenet Superprestige,AARDBEIENCROSS-MERKSPLAS,2025-11-15,,20251115_telenet-superprestige_aardbeiencross-merksplas_noloc,KAMP Ryan,,,,,,,,6.766666666666667,15.0
16.0,VANDEBOSCH Toon,10010943604.0,BEL,CRELAN-CORENDON,26.0,Men Elite,Men,Telenet Superprestige,AARDBEIENCROSS-MERKSPLAS,2025-11-15,,20251115_telenet-superprestige_aardbeiencross-merksplas_noloc,VANDEBOSCH Toon,,,,,,,,6.766666666666667,16.0
17.0,CORSUS Yordi,10065119518.0,BEL,PAUWELS SAUZEN - ALTEZ INDUSTRIEBOUW CT,34.0,Men Elite,Men,Telenet Superprestige,AARDBEIENCROSS-MERKSPLAS,2025-11-15,,20251115_telenet-superprestige_aardbeiencross-merksplas_noloc,CORSUS Yordi,,,,,,,,6.766666666666667,17.0
18.0,DE BRUYCKERE Kay,10065053638.0,BEL,PAUWELS SAUZEN - ALTEZ INDUSTRIEBOUW CT,35.0,Men Elite,Men,Telenet Superprestige,AARDBEIENCROSS-MERKSPLAS,2025-11-15,,20251115_telenet-superprestige_aardbeiencross-merksplas_noloc,DE BRUYCKERE Kay,,,,,,,,6.766666666666667,18.0
19.0,SUAREZ FERNANDEZ Kevin,10007584572.0,ESP,NESTA - MMR CX TEAM,37.0,Men Elite,Men,Telenet Superprestige,AARDBEIENCROSS-MERKSPLAS,2025-11-15,,20251115_telenet-superprestige_aardbeiencross-merksplas_noloc,SUAREZ FERNANDEZ Kevin,,,,,,,,6.766666666666667,19.0
20.0,VAN DE PUTTE Victor,10064985940.0,BEL,DESCHACHT-HENS CX TEAM,40.0,Men Elite,Men,Telenet Superprestige,AARDBEIENCROSS-MERKSPLAS,2025-11-15,,20251115_telenet-superprestige_aardbeiencross-merksplas_noloc,VAN DE PUTTE Victor,,,,,,,,6.766666666666667,20.0
21.0,MEEUSSEN Witse,10064931679.0,BEL,CRELAN-CORENDON,51.0,Men Elite,Men,Telenet Superprestige,AARDBEIENCROSS-MERKSPLAS,2025-11-15,,20251115_telenet-superprestige_aardbeiencross-merksplas_noloc,MEEUSSEN Witse,,,,,,,,6.766666666666667,21.0
22.0,HORNY Clement,10016419858.0,BEL,BH-WALLONIE MTB TEAM,59.0,Men Elite,Men,Telenet Superprestige,AARDBEIENCROSS-MERKSPLAS,2025-11-15,,20251115_telenet-superprestige_aardbeiencross-merksplas_noloc,HORNY Clement,,,,,,,,6.766666666666667,22.0
23.0,VAN LIEROP Danny,10023320093.0,NED,ZZPR-PARKHOTEL-ORANGE-BABIES CT,79.0,Men Elite,Men,Telenet Superprestige,AARDBEIENCROSS-MERKSPLAS,2025-11-15,,20251115_telenet-superprestige_aardbeiencross-merksplas_noloc,VAN LIEROP Danny,,,,,,,,6.766666666666667,23.0
24.0,MARASCO Lorenzo,10023530059.0,FRA,SEBMOTOBIKES CX TEAM,97.0,Men Elite,Men,Telenet Superprestige,AARDBEIENCROSS-MERKSPLAS,2025-11-15,,20251115_telenet-superprestige_aardbeiencross-merksplas_noloc,MARASCO Lorenzo,,,,,,,,6.766666666666667,24.0
25.0,KUYPERS Gerben,10016322757.0,BEL,CHARLES-LIÉGEOIS ROASTERY CX,98.0,Men Elite,Men,Telenet Superprestige,AARDBEIENCROSS-MERKSPLAS,2025-11-15,,20251115_telenet-superprestige_aardbeiencross-merksplas_noloc,KUYPERS Gerben,,,,,,,,6.766666666666667,25.0
26.0,FERDINANDE Anton,10016322656.0,BEL,SHIFTING GEARS,112.0,Men Elite,Men,Telenet Superprestige,AARDBEIENCROSS-MERKSPLAS,2025-11-15,,20251115_telenet-superprestige_aardbeiencross-merksplas_noloc,FERDINANDE Anton,,,,,,,,6.766666666666667,26.0
27.0,OERTZEN Max Heiner,10036147739.0,GER,PETER PANE NAGEL CX TEAM,119.0,Men Elite,Men,Telenet Superprestige,AARDBEIENCROSS-MERKSPLAS,2025-11-15,,20251115_telenet-superprestige_aardbeiencross-merksplas_noloc,OERTZEN Max Heiner,,,,,,,,6.766666666666667,27.0
28.0,OBERTEICHER Matteo,10036188458.0,GER,PETER PANE NAGEL CX TEAM,148.0,Men Elite,Men,Telenet Superprestige,AARDBEIENCROSS-MERKSPLAS,2025-11-15,,20251115_telenet-superprestige_aardbeiencross-merksplas_noloc,OBERTEICHER Matteo,,,,,,,,6.766666666666667,28.0
29.0,LOOCKX Lander,10009360884.0,BEL,UNIBET TIETEMA ROCKETS,149.0,Men Elite,Men,Telenet Superprestige,AARDBEIENCROSS-MERKSPLAS,2025-11-15,,20251115_telenet-superprestige_aardbeiencross-merksplas_noloc,LOOCKX Lander,,,,,,,,6.766666666666667,29.0
30.0,JANSSEN Wout,10064972095.0,BEL,CYCLIS - VAN DEN PLAS CYCLING TEAM,156.0,Men Elite,Men,Telenet Superprestige,AARDBEIENCROSS-MERKSPLAS,2025-11-15,,20251115_telenet-superprestige_aardbeiencross-merksplas_noloc,JANSSEN Wout,,,,,,,,6.766666666666667,30.0
31.0,DELNOIJE Remon,10022684139.0,NED,TWC DE KEMPEN,172.0,Men Elite,Men,Telenet Superprestige,AARDBEIENCROSS-MERKSPLAS,2025-11-15,,20251115_telenet-superprestige_aardbeiencross-merksplas_noloc,DELNOIJE Remon,,,,,,,,6.766666666666667,31.0
32.0,KING Carden,10065999083.0,USA,TRIPLE CROWN WORKSHOP,330.0,Men Elite,Men,Telenet Superprestige,AARDBEIENCROSS-MERKSPLAS,2025-11-15,,20251115_telenet-superprestige_aardbeiencross-merksplas_noloc,KING Carden,,,,,,,,6.766666666666667,32.0
33.0,OKAYAMA Yuta,10021324321.0,JPN,OLANDA BASE/WATERSLEY,385.0,Men Elite,Men,Telenet Superprestige,AARDBEIENCROSS-MERKSPLAS,2025-11-15,,20251115_telenet-superprestige_aardbeiencross-merksplas_noloc,OKAYAMA Yuta,,,,,,,,6.766666666666667,33.0
34.0,MEEUSEN Tom,10003341632.0,BEL,CYCLIS - VAN DEN PLAS CYCLING TEAM,468.0,Men Elite,Men,Telenet Superprestige,AARDBEIENCROSS-MERKSPLAS,2025-11-15,,20251115_telenet-superprestige_aardbeiencross-merksplas_noloc,MEEUSEN Tom,,,,,,,,6.766666666666667,34.0
35.0,RIJVERS Max,10023116090.0,NED,RB ZELFBOUW UCT,469.0,Men Elite,Men,Telenet Superprestige,AARDBEIENCROSS-MERKSPLAS,2025-11-15,,20251115_telenet-superprestige_aardbeiencross-merksplas_noloc,RIJVERS Max,,,,,,,,6.766666666666667,35.0
36.0,DAELMANS Bengt,10066080020.0,BEL,CYCLIS - VAN DEN PLAS CYCLING TEAM,560.0,Men Elite,Men,Telenet Superprestige,AARDBEIENCROSS-MERKSPLAS,2025-11-15,,20251115_telenet-superprestige_aardbeiencross-merksplas_noloc,DAELMANS Bengt,,,,,,,,6.766666666666667,36.0
37.0,VERHEYEN Thomas,10009523057.0,BEL,RB ZELFBOUW UCT,593.0,Men Elite,Men,Telenet Superprestige,AARDBEIENCROSS-MERKSPLAS,2025-11-15,,20251115_telenet-superprestige_aardbeiencross-merksplas_noloc,VERHEYEN Thomas,,,,,,,,6.766666666666667,37.0
38.0,MOURIS Michiel,10023052335.0,NED,ZZPR.NL-PARKHOTEL-ORANGE BABIES CT,,Men Elite,Men,Telenet Superprestige,AARDBEIENCROSS-MERKSPLAS,2025-11-15,,20251115_telenet-superprestige_aardbeiencross-merksplas_noloc,MOURIS Michiel,,,,,,,,6.766666666666667,38.0
39.0,MEEUSEN Lennert,10065190953.0,BEL,WAC TEAM VZW,,Men Elite,Men,Telenet Superprestige,AARDBEIENCROSS-MERKSPLAS,2025-11-15,,20251115_telenet-superprestige_aardbeiencross-merksplas_noloc,MEEUSEN Lennert,,,,,,,,6.766666666666667,39.0
40.0,DAELMANS Lars,10119457908.0,BEL,STARBIKES - VISTABUILD,,Men Elite,Men,Telenet Superprestige,AARDBEIENCROSS-MERKSPLAS,2025-11-15,,20251115_telenet-superprestige_aardbeiencross-merksplas_noloc,DAELMANS Lars,,,,,,,,6.766666666666667,40.0
1.0,VAN DER HEIJDEN Inge,10010592885.0,NED,CRELAN-CORENDON,3.0,Men Elite,Women,Telenet Superprestige,AARDBEIENCROSS-MERKSPLAS,2025-11-15,,20251115_telenet-superprestige_aardbeiencross-merksplas_noloc,VAN DER HEIJDEN Inge,,,,,,,,6.766666666666667,41.0
2.0,BRAND Lucinda,10006605680.0,NED,BALOISE GLOWI LIONS,1.0,Men Elite,Women,Telenet Superprestige,AARDBEIENCROSS-MERKSPLAS,2025-11-15,,20251115_telenet-superprestige_aardbeiencross-merksplas_noloc,BRAND Lucinda,,,,,,,,6.766666666666667,42.0
3.0,BAKKER Manon,10009521643.0,NED,FENIX-DECEUNINCK DEVELOPMENT TEAM,8.0,Men Elite,Women,Telenet Superprestige,AARDBEIENCROSS-MERKSPLAS,2025-11-15,,20251115_telenet-superprestige_aardbeiencross-merksplas_noloc,BAKKER Manon,,,,,,,,6.766666666666667,43.0
4.0,CASASOLA Sara,10010998972.0,ITA,FENIX-DECEUNINCK,11.0,Men Elite,Women,Telenet Superprestige,AARDBEIENCROSS-MERKSPLAS,2025-11-15,,20251115_telenet-superprestige_aardbeiencross-merksplas_noloc,CASASOLA Sara,,,,,,,,6.766666666666667,44.0
5.0,BENTVELD Leonie,10023336564.0,NED,PAUWELS SAUZEN - ALTEZ INDUSTRIEBOUW CT,12.0,Men Elite,Women,Telenet Superprestige,AARDBEIENCROSS-MERKSPLAS,2025-11-15,,20251115_telenet-superprestige_aardbeiencross-merksplas_noloc,BENTVELD Leonie,,,,,,,,6.766666666666667,45.0
6.0,BROUWERS Julie,10065009885.0,BEL,CHARLES-LIÉGEOIS ROASTERY CX,13.0,Men Elite,Women,Telenet Superprestige,AARDBEIENCROSS-MERKSPLAS,2025-11-15,,20251115_telenet-superprestige_aardbeiencross-merksplas_noloc,BROUWERS Julie,,,,,,,,6.766666666666667,46.0
7.0,VAN ALPHEN Aniek,10015541303.0,NED,SEVEN RACING,14.0,Men Elite,Women,Telenet Superprestige,AARDBEIENCROSS-MERKSPLAS,2025-11-15,,20251115_telenet-superprestige_aardbeiencross-merksplas_noloc,VAN ALPHEN Aniek,,,,,,,,6.766666666666667,47.0
8.0,CLAUZEL Hélène,10009876806.0,FRA,INDIVIDUEEL,15.0,Men Elite,Women,Telenet Superprestige,AARDBEIENCROSS-MERKSPLAS,2025-11-15,,20251115_telenet-superprestige_aardbeiencross-merksplas_noloc,CLAUZEL Hélène,,,,,,,,6.766666666666667,48.0
9.0,BETSEMA Denise,10007654694.0,NED,DE CEUSTER - BOUWPUNT,16.0,Men Elite,Women,Telenet Superprestige,AARDBEIENCROSS-MERKSPLAS,2025-11-15,,20251115_telenet-superprestige_aardbeiencross-merksplas_noloc,BETSEMA Denise,,,,,,,,6.766666666666667,49.0
10.0,FOUQUENET Amandine,10066772861.0,FRA,ARKEA - B&B HOTELS WOMAN,17.0,Men Elite,Women,Telenet Superprestige,AARDBEIENCROSS-MERKSPLAS,2025-11-15,,20251115_telenet-superprestige_aardbeiencross-merksplas_noloc,FOUQUENET Amandine,,,,,,,,6.766666666666667,50.0
11.0,PEETERS Jinse,10011141442.0,BEL,DE CEUSTER - BOUWPUNT,38.0,Men Elite,Women,Telenet Superprestige,AARDBEIENCROSS-MERKSPLAS,2025-11-15,,20251115_telenet-superprestige_aardbeiencross-merksplas_noloc,PEETERS Jinse,,,,,,,,6.766666666666667,51.0
12.0,KAY Anna,10015470672.0,GBR,ESSEC CYCLING TEAM,39.0,Men Elite,Women,Telenet Superprestige,AARDBEIENCROSS-MERKSPLAS,2025-11-15,,20251115_telenet-superprestige_aardbeiencross-merksplas_noloc,KAY Anna,,,,,,,,6.766666666666667,52.0
13.0,HARTOG Larissa,10022713946.0,NED,ORANGE BABIES CYCLING TEAM,64.0,Men Elite,Women,Telenet Superprestige,AARDBEIENCROSS-MERKSPLAS,2025-11-15,,20251115_telenet-superprestige_aardbeiencross-merksplas_noloc,HARTOG Larissa,,,,,,,,6.766666666666667,53.0
14.0,MOLENGRAAF Lauren,10023352126.0,NED,CHARLES-LIÉGEOIS ROASTERY CX,70.0,Men Elite,Women,Telenet Superprestige,AARDBEIENCROSS-MERKSPLAS,2025-11-15,,20251115_telenet-superprestige_aardbeiencross-merksplas_noloc,MOLENGRAAF Lauren,,,,,,,,6.766666666666667,54.0
15.0,CLAUZEL Perrine,10007703194.0,FRA,AS BIKE CROSS TEAM,72.0,Men Elite,Women,Telenet Superprestige,AARDBEIENCROSS-MERKSPLAS,2025-11-15,,20251115_telenet-superprestige_aardbeiencross-merksplas_noloc,CLAUZEL Perrine,,,,,,,,6.766666666666667,55.0
16.0,DE BEER Jamie,10155432174.0,NED,TWC HET SNELLE WIEL BESTRONICS,86.0,Men Elite,Women,Telenet Superprestige,AARDBEIENCROSS-MERKSPLAS,2025-11-15,,20251115_telenet-superprestige_aardbeiencross-merksplas_noloc,DE BEER Jamie,,,,,,,,6.766666666666667,56.0
17.0,VERVLOET Sterre,10065040807.0,BEL,DESCHACHT-HENS CX TEAM,105.0,Men Elite,Women,Telenet Superprestige,AARDBEIENCROSS-MERKSPLAS,2025-11-15,,20251115_telenet-superprestige_aardbeiencross-merksplas_noloc,VERVLOET Sterre,,,,,,,,6.766666666666667,57.0
18.0,DE SCHOESITTER Shanyl,10065150941.0,BEL,PAUWELS SAUZEN - ALTEZ INDUSTRIEBOUW CT,115.0,Men Elite,Women,Telenet Superprestige,AARDBEIENCROSS-MERKSPLAS,2025-11-15,,20251115_telenet-superprestige_aardbeiencross-merksplas_noloc,DE SCHOESITTER Shanyl,,,,,,,,6.766666666666667,58.0
19.0,MOES Noï,10023186418.0,NED,WV SCHIJNDEL,129.0,Men Elite,Women,Telenet Superprestige,AARDBEIENCROSS-MERKSPLAS,2025-11-15,,20251115_telenet-superprestige_aardbeiencross-merksplas_noloc,MOES Noï,,,,,,,,6.766666666666667,59.0
20.0,MOORS Fleur,10103395718.0,BEL,BALOISE GLOWI LIONS,149.0,Men Elite,Women,Telenet Superprestige,AARDBEIENCROSS-MERKSPLAS,2025-11-15,,20251115_telenet-superprestige_aardbeiencross-merksplas_noloc,MOORS Fleur,,,,,,,,6.766666666666667,60.0
21.0,HLADÍKOVÁ Kateřina,10047765309.0,CZE,BRILON RACING TEAM,175.0,Men Elite,Women,Telenet Superprestige,AARDBEIENCROSS-MERKSPLAS,2025-11-15,,20251115_telenet-superprestige_aardbeiencross-merksplas_noloc,HLADÍKOVÁ Kateřina,,,,,,,,6.766666666666667,61.0
22.0,SONNEMANS Sara,10023188943.0,NED,WV SCHIJNDEL,189.0,Men Elite,Women,Telenet Superprestige,AARDBEIENCROSS-MERKSPLAS,2025-11-15,,20251115_telenet-superprestige_aardbeiencross-merksplas_noloc,SONNEMANS Sara,,,,,,,,6.766666666666667,62.0
23.0,WENZEL Liv,10035000513.0,LUX,HESS CYCLING TEAM,197.0,Men Elite,Women,Telenet Superprestige,AARDBEIENCROSS-MERKSPLAS,2025-11-15,,20251115_telenet-superprestige_aardbeiencross-merksplas_noloc,WENZEL Liv,,,,,,,,6.766666666666667,63.0
24.0,DE RAEDEMAEKER Alexe,10099080329.0,BEL,ESSEC CYCLING TEAM,279.0,Men Elite,Women,Telenet Superprestige,AARDBEIENCROSS-MERKSPLAS,2025-11-15,,20251115_telenet-superprestige_aardbeiencross-merksplas_noloc,DE RAEDEMAEKER Alexe,,,,,,,,6.766666666666667,64.0
25.0,BAELE Lotte,10075241567.0,BEL,DE CEUSTER - BOUWPUNT,303.0,Men Elite,Women,Telenet Superprestige,AARDBEIENCROSS-MERKSPLAS,2025-11-15,,20251115_telenet-superprestige_aardbeiencross-merksplas_noloc,BAELE Lotte,,,,,,,,6.766666666666667,65.0
26.0,HOEFMANS Pem,10023153375.0,NED,WATERSLEY R D CYCLING TEAM,443.0,Men Elite,Women,Telenet Superprestige,AARDBEIENCROSS-MERKSPLAS,2025-11-15,,20251115_telenet-superprestige_aardbeiencross-merksplas_noloc,HOEFMANS Pem,,,,,,,,6.766666666666667,66.0
27.0,MOS Anniek,10085934203.0,NED,WSV DE PEDDELAARS,478.0,Men Elite,Women,Telenet Superprestige,AARDBEIENCROSS-MERKSPLAS,2025-11-15,,20251115_telenet-superprestige_aardbeiencross-merksplas_noloc,MOS Anniek,,,,,,,,6.766666666666667,67.0
28.0,SEYNAVE Ilken,10065162964.0,BEL,DESCHACHT-HENS CX TEAM,539.0,Men Elite,Women,Telenet Superprestige,AARDBEIENCROSS-MERKSPLAS,2025-11-15,,20251115_telenet-superprestige_aardbeiencross-merksplas_noloc,SEYNAVE Ilken,,,,,,,,6.766666666666667,68.0
29.0,BLIECK Phebe,10070890715.0,BEL,ACROG-TORMANS,584.0,Men Elite,Women,Telenet Superprestige,AARDBEIENCROSS-MERKSPLAS,2025-11-15,,20251115_telenet-superprestige_aardbeiencross-merksplas_noloc,BLIECK Phebe,,,,,,,,6.766666666666667,69.0
30.0,SCHOLLAERT Shanaya Esther,10108561168.0,BEL,BALOISE MINIMAX WB LADIES,706.0,Men Elite,Women,Telenet Superprestige,AARDBEIENCROSS-MERKSPLAS,2025-11-15,,20251115_telenet-superprestige_aardbeiencross-merksplas_noloc,SCHOLLAERT Shanaya Esther,,,,,,,,6.766666666666667,70.0
31.0,VISSENBERG Febe,10086541663.0,BEL,WOUTIM-DEXTERS SPORT,748.0,Men Elite,Women,Telenet Superprestige,AARDBEIENCROSS-MERKSPLAS,2025-11-15,,20251115_telenet-superprestige_aardbeiencross-merksplas_noloc,VISSENBERG Febe,,,,,,,,6.766666666666667,71.0
32.0,BAS Selena,10023192478.0,NED,ACROG-TORMANS,800.0,Men Elite,Women,Telenet Superprestige,AARDBEIENCROSS-MERKSPLAS,2025-11-15,,20251115_telenet-superprestige_aardbeiencross-merksplas_noloc,BAS Selena,,,,,,,,6.766666666666667,72.0
33.0,LEYSSENS Mart,10065253496.0,BEL,ACROG-TORMANS,810.0,Men Elite,Women,Telenet Superprestige,AARDBEIENCROSS-MERKSPLAS,2025-11-15,,20251115_telenet-superprestige_aardbeiencross-merksplas_noloc,LEYSSENS Mart,,,,,,,,6.766666666666667,73.0
34.0,CROUX Bieke,10128526600.0,BEL,RK CYCLING TEAM,,Men Elite,Women,Telenet Superprestige,AARDBEIENCROSS-MERKSPLAS,2025-11-15,,20251115_telenet-superprestige_aardbeiencross-merksplas_noloc,CROUX Bieke,,,,,,,,6.766666666666667,74.0
35.0,DE CUYPER Emily,10098755983.0,BEL,SUPER HELP - EVIL EYE,,Men Elite,Women,Telenet Superprestige,AARDBEIENCROSS-MERKSPLAS,2025-11-15,,20251115_telenet-superprestige_aardbeiencross-merksplas_noloc,DE CUYPER Emily,,,,,,,,6.766666666666667,75.0
36.0,COPPELMANS Fenny,10023203390.0,NED,TALENT CYCLING,,Men Elite,Women,Telenet Superprestige,AARDBEIENCROSS-MERKSPLAS,2025-11-15,,20251115_telenet-superprestige_aardbeiencross-merksplas_noloc,COPPELMANS Fenny,,,,,,,,6.766666666666667,76.0
37.0,KOOREMANS Britt,10148782119.0,BEL,KEUKENS REDANT CYCLING TEAM,,Men Elite,Women,Telenet Superprestige,AARDBEIENCROSS-MERKSPLAS,2025-11-15,,20251115_telenet-superprestige_aardbeiencross-merksplas_noloc,KOOREMANS Britt,,,,,,,,6.766666666666667,77.0
38.0,POLFLIET Alana,10115279834.0,BEL,NEVER GIVE UP BY JOLIEN VERSCHUEREN,,Men Elite,Women,Telenet Superprestige,AARDBEIENCROSS-MERKSPLAS,2025-11-15,,20251115_telenet-superprestige_aardbeiencross-merksplas_noloc,POLFLIET Alana,,,,,,,,6.766666666666667,78.0
39.0,LENFERINK Femke,10107712622.0,NED,AWV DE ZWALUWEN,,Men Elite,Women,Telenet Superprestige,AARDBEIENCROSS-MERKSPLAS,2025-11-15,,20251115_telenet-superprestige_aardbeiencross-merksplas_noloc,LENFERINK Femke,,,,,,,,6.766666666666667,79.0
40.0,PARTHOENS Yana,10135754817.0,BEL,VELOPRO - ALPHAMOTORHOMES,,Men Elite,Women,Telenet Superprestige,AARDBEIENCROSS-MERKSPLAS,2025-11-15,,20251115_telenet-superprestige_aardbeiencross-merksplas_noloc,PARTHOENS Yana,,,,,,,,6.766666666666667,80.0
41.0,BUURMEIJER Mirthe,10069095912.0,NED,WSV DE PEDDELAARS,,Men Elite,Women,Telenet Superprestige,AARDBEIENCROSS-MERKSPLAS,2025-11-15,,20251115_telenet-superprestige_aardbeiencross-merksplas_noloc,BUURMEIJER Mirthe,,,,,,,,6.766666666666667,81.0
1.0,SVOBODA David,10047109850.0,CZE,BRILON RACING TEAM MB,13.0,Men Junior,,X2O Badkamers Trofee,RECTAVIT-FLANDRIENCROSS-HAMME,2025-11-16,,20251116_x2o-badkamers-trofee_rectavit-flandriencross-hamme_noloc,SVOBODA David,,,,,,,,6.766666666666667,1.0
2.0,HEEREN Delano,10045767311.0,NED,ACROG TORMANS,18.0,Men Junior,,X2O Badkamers Trofee,RECTAVIT-FLANDRIENCROSS-HAMME,2025-11-16,,20251116_x2o-badkamers-trofee_rectavit-flandriencross-hamme_noloc,HEEREN Delano,,,,,,,,6.766666666666667,2.0
3.0,LIPPENS Brent,10106047656.0,BEL,C.T. KEUKENS BUYSSE KNESSELARE VZW,27.0,Men Junior,,X2O Badkamers Trofee,RECTAVIT-FLANDRIENCROSS-HAMME,2025-11-16,,20251116_x2o-badkamers-trofee_rectavit-flandriencross-hamme_noloc,LIPPENS Brent,,,,,,,,6.766666666666667,3.0
4.0,VAN LEE Jari,10065219649.0,BEL,BIOMETRIC - CANYON CT,28.0,Men Junior,,X2O Badkamers Trofee,RECTAVIT-FLANDRIENCROSS-HAMME,2025-11-16,,20251116_x2o-badkamers-trofee_rectavit-flandriencross-hamme_noloc,VAN LEE Jari,,,,,,,,6.766666666666667,4.0
5.0,OSAER Emiel,10074876708.0,BEL,STARBIKES - VISTABUILD,36.0,Men Junior,,X2O Badkamers Trofee,RECTAVIT-FLANDRIENCROSS-HAMME,2025-11-16,,20251116_x2o-badkamers-trofee_rectavit-flandriencross-hamme_noloc,OSAER Emiel,,,,,,,,6.766666666666667,5.0
6.0,SMITS Maxime,10108174380.0,BEL,ACROG-TORMANS,58.0,Men Junior,,X2O Badkamers Trofee,RECTAVIT-FLANDRIENCROSS-HAMME,2025-11-16,,20251116_x2o-badkamers-trofee_rectavit-flandriencross-hamme_noloc,SMITS Maxime,,,,,,,,6.766666666666667,6.0
7.0,VAN HOOF Kai,10059748041.0,NED,TWC HET SNELLE WIEL,61.0,Men Junior,,X2O Badkamers Trofee,RECTAVIT-FLANDRIENCROSS-HAMME,2025-11-16,,20251116_x2o-badkamers-trofee_rectavit-flandriencross-hamme_noloc,VAN HOOF Kai,,,,,,,,6.766666666666667,7.0
8.0,DE PEUTER Toon,10065230763.0,BEL,UCT CYCLING TEAM,62.0,Men Junior,,X2O Badkamers Trofee,RECTAVIT-FLANDRIENCROSS-HAMME,2025-11-16,,20251116_x2o-badkamers-trofee_rectavit-flandriencross-hamme_noloc,DE PEUTER Toon,,,,,,,,6.766666666666667,8.0
9.0,JANSSENS Arthur,10065223588.0,BEL,GOLAZO YOUNG LIONS,69.0,Men Junior,,X2O Badkamers Trofee,RECTAVIT-FLANDRIENCROSS-HAMME,2025-11-16,,20251116_x2o-badkamers-trofee_rectavit-flandriencross-hamme_noloc,JANSSENS Arthur,,,,,,,,6.766666666666667,9.0
10.0,DECLERCQ Matteo,10085069788.0,BEL,"WIELERCLUB ""ONDER - ONS PARIKE"" VZW",80.0,Men Junior,,X2O Badkamers Trofee,RECTAVIT-FLANDRIENCROSS-HAMME,2025-11-16,,20251116_x2o-badkamers-trofee_rectavit-flandriencross-hamme_noloc,DECLERCQ Matteo,,,,,,,,6.766666666666667,10.0
11.0,SPRANGERS Seppe,10112980631.0,BEL,ACROG-TORMANS,84.0,Men Junior,,X2O Badkamers Trofee,RECTAVIT-FLANDRIENCROSS-HAMME,2025-11-16,,20251116_x2o-badkamers-trofee_rectavit-flandriencross-hamme_noloc,SPRANGERS Seppe,,,,,,,,6.766666666666667,11.0
12.0,BEETGE Tanner,10147572548.0,GBR,DONOVAN RACING DEVELOPMENT,100.0,Men Junior,,X2O Badkamers Trofee,RECTAVIT-FLANDRIENCROSS-HAMME,2025-11-16,,20251116_x2o-badkamers-trofee_rectavit-flandriencross-hamme_noloc,BEETGE Tanner,,,,,,,,6.766666666666667,12.0
13.0,ROIJACKERS Matt,10096529532.0,NED,ZZPR ORANGE BABIES CYCLING TEAM,109.0,Men Junior,,X2O Badkamers Trofee,RECTAVIT-FLANDRIENCROSS-HAMME,2025-11-16,,20251116_x2o-badkamers-trofee_rectavit-flandriencross-hamme_noloc,ROIJACKERS Matt,,,,,,,,6.766666666666667,13.0
14.0,GEERTS Len,10077916848.0,BEL,WAC TEAM VZW,119.0,Men Junior,,X2O Badkamers Trofee,RECTAVIT-FLANDRIENCROSS-HAMME,2025-11-16,,20251116_x2o-badkamers-trofee_rectavit-flandriencross-hamme_noloc,GEERTS Len,,,,,,,,6.766666666666667,14.0
15.0,MAENEN Dani,10138428276.0,BEL,BFY CYCLINGTEAM,132.0,Men Junior,,X2O Badkamers Trofee,RECTAVIT-FLANDRIENCROSS-HAMME,2025-11-16,,20251116_x2o-badkamers-trofee_rectavit-flandriencross-hamme_noloc,MAENEN Dani,,,,,,,,6.766666666666667,15.0
16.0,RENDERS Luca,10125887186.0,BEL,4BIKES WESTFIT,147.0,Men Junior,,X2O Badkamers Trofee,RECTAVIT-FLANDRIENCROSS-HAMME,2025-11-16,,20251116_x2o-badkamers-trofee_rectavit-flandriencross-hamme_noloc,RENDERS Luca,,,,,,,,6.766666666666667,16.0
17.0,ROELS Dima,10105306921.0,BEL,"WIELERCLUB ""ONDER - ONS PARIKE"" VZW",188.0,Men Junior,,X2O Badkamers Trofee,RECTAVIT-FLANDRIENCROSS-HAMME,2025-11-16,,20251116_x2o-badkamers-trofee_rectavit-flandriencross-hamme_noloc,ROELS Dima,,,,,,,,6.766666666666667,17.0
18.0,ROELANDT Alessio,10085607029.0,BEL,ACROG-TORMANS,190.0,Men Junior,,X2O Badkamers Trofee,RECTAVIT-FLANDRIENCROSS-HAMME,2025-11-16,,20251116_x2o-badkamers-trofee_rectavit-flandriencross-hamme_noloc,ROELANDT Alessio,,,,,,,,6.766666666666667,18.0
19.0,DE BOIS Nand,10073621970.0,BEL,GMS CYCLING TEAM GLABBEEK,215.0,Men Junior,,X2O Badkamers Trofee,RECTAVIT-FLANDRIENCROSS-HAMME,2025-11-16,,20251116_x2o-badkamers-trofee_rectavit-flandriencross-hamme_noloc,DE BOIS Nand,,,,,,,,6.766666666666667,19.0
20.0,DIJKMAN Sven,10087653426.0,NED,DE PEDDELAARS,242.0,Men Junior,,X2O Badkamers Trofee,RECTAVIT-FLANDRIENCROSS-HAMME,2025-11-16,,20251116_x2o-badkamers-trofee_rectavit-flandriencross-hamme_noloc,DIJKMAN Sven,,,,,,,,6.766666666666667,20.0
21.0,VAN HOECK Sam,10077885021.0,BEL,WAC TEAM VZW,249.0,Men Junior,,X2O Badkamers Trofee,RECTAVIT-FLANDRIENCROSS-HAMME,2025-11-16,,20251116_x2o-badkamers-trofee_rectavit-flandriencross-hamme_noloc,VAN HOECK Sam,,,,,,,,6.766666666666667,21.0
22.0,GEENS Matiz,10065251274.0,BEL,WOUTIM-DEXTERS SPORT,255.0,Men Junior,,X2O Badkamers Trofee,RECTAVIT-FLANDRIENCROSS-HAMME,2025-11-16,,20251116_x2o-badkamers-trofee_rectavit-flandriencross-hamme_noloc,GEENS Matiz,,,,,,,,6.766666666666667,22.0
23.0,DE LOOSE Senne,10071751890.0,BEL,AVIA-RUDYCO CYCLING TEAM,261.0,Men Junior,,X2O Badkamers Trofee,RECTAVIT-FLANDRIENCROSS-HAMME,2025-11-16,,20251116_x2o-badkamers-trofee_rectavit-flandriencross-hamme_noloc,DE LOOSE Senne,,,,,,,,6.766666666666667,23.0
24.0,VANHOUDT Kobe,10065236221.0,BEL,CRABBÉ-DSTNY,,Men Junior,,X2O Badkamers Trofee,RECTAVIT-FLANDRIENCROSS-HAMME,2025-11-16,,20251116_x2o-badkamers-trofee_rectavit-flandriencross-hamme_noloc,VANHOUDT Kobe,,,,,,,,6.766666666666667,24.0
25.0,VAN RAEMDONCK Daan,10072115541.0,BEL,AVIA-RUDYCO CYCLING TEAM,,Men Junior,,X2O Badkamers Trofee,RECTAVIT-FLANDRIENCROSS-HAMME,2025-11-16,,20251116_x2o-badkamers-trofee_rectavit-flandriencross-hamme_noloc,VAN RAEMDONCK Daan,,,,,,,,6.766666666666667,25.0
26.0,VERVAET Kobe,10130964936.0,BEL,AVIA-RUDYCO CYCLING TEAM,,Men Junior,,X2O Badkamers Trofee,RECTAVIT-FLANDRIENCROSS-HAMME,2025-11-16,,20251116_x2o-badkamers-trofee_rectavit-flandriencross-hamme_noloc,VERVAET Kobe,,,,,,,,6.766666666666667,26.0
27.0,VAN BELLEGHEM Thibault,10065245820.0,BEL,KON. VC ´T MEETJESLAND - KNESSELARE,,Men Junior,,X2O Badkamers Trofee,RECTAVIT-FLANDRIENCROSS-HAMME,2025-11-16,,20251116_x2o-badkamers-trofee_rectavit-flandriencross-hamme_noloc,VAN BELLEGHEM Thibault,,,,,,,,6.766666666666667,27.0
28.0,SMET Maurits,10107750109.0,BEL,AVIA-RUDYCO CYCLING TEAM,,Men Junior,,X2O Badkamers Trofee,RECTAVIT-FLANDRIENCROSS-HAMME,2025-11-16,,20251116_x2o-badkamers-trofee_rectavit-flandriencross-hamme_noloc,SMET Maurits,,,,,,,,6.766666666666667,28.0
29.0,VAN VRACEM Robbe,10126379159.0,BEL,ANTWERP CYCLING TEAM KONTICH,,Men Junior,,X2O Badkamers Trofee,RECTAVIT-FLANDRIENCROSS-HAMME,2025-11-16,,20251116_x2o-badkamers-trofee_rectavit-flandriencross-hamme_noloc,VAN VRACEM Robbe,,,,,,,,6.766666666666667,29.0
30.0,GEENS Lowie,10073065535.0,BEL,"WIELERCLUB ""ONDER - ONS PARIKE"" VZW",,Men Junior,,X2O Badkamers Trofee,RECTAVIT-FLANDRIENCROSS-HAMME,2025-11-16,,20251116_x2o-badkamers-trofee_rectavit-flandriencross-hamme_noloc,GEENS Lowie,,,,,,,,6.766666666666667,30.0
31.0,GYSEN Quinten,10120003128.0,BEL,AVIA-RUDYCO CYCLING TEAM,,Men Junior,,X2O Badkamers Trofee,RECTAVIT-FLANDRIENCROSS-HAMME,2025-11-16,,20251116_x2o-badkamers-trofee_rectavit-flandriencross-hamme_noloc,GYSEN Quinten,,,,,,,,6.766666666666667,31.0
32.0,STEVENS Thibau,10065229652.0,BEL,AVIA-RUDYCO CYCLING TEAM,,Men Junior,,X2O Badkamers Trofee,RECTAVIT-FLANDRIENCROSS-HAMME,2025-11-16,,20251116_x2o-badkamers-trofee_rectavit-flandriencross-hamme_noloc,STEVENS Thibau,,,,,,,,6.766666666666667,32.0
33.0,PAUWELS Jonas,10065254712.0,BEL,ACROG-TORMANS,,Men Junior,,X2O Badkamers Trofee,RECTAVIT-FLANDRIENCROSS-HAMME,2025-11-16,,20251116_x2o-badkamers-trofee_rectavit-flandriencross-hamme_noloc,PAUWELS Jonas,,,,,,,,6.766666666666667,33.0
34.0,POPPE Flo,10088342429.0,BEL,GOLAZO YOUNG LIONS,,Men Junior,,X2O Badkamers Trofee,RECTAVIT-FLANDRIENCROSS-HAMME,2025-11-16,,20251116_x2o-badkamers-trofee_rectavit-flandriencross-hamme_noloc,POPPE Flo,,,,,,,,6.766666666666667,34.0
35.0,AERTS Torben,10065215407.0,BEL,TEAM KEMPEN CYCLING VZW,,Men Junior,,X2O Badkamers Trofee,RECTAVIT-FLANDRIENCROSS-HAMME,2025-11-16,,20251116_x2o-badkamers-trofee_rectavit-flandriencross-hamme_noloc,AERTS Torben,,,,,,,,6.766666666666667,35.0
36.0,DEROYE Yorbe,10111628186.0,BEL,CRABBÉ-DSTNY,,Men Junior,,X2O Badkamers Trofee,RECTAVIT-FLANDRIENCROSS-HAMME,2025-11-16,,20251116_x2o-badkamers-trofee_rectavit-flandriencross-hamme_noloc,DEROYE Yorbe,,,,,,,,6.766666666666667,36.0
37.0,DE GRAUWE Jairo,10094315912.0,BEL,AVIA-RUDYCO CYCLING TEAM,,Men Junior,,X2O Badkamers Trofee,RECTAVIT-FLANDRIENCROSS-HAMME,2025-11-16,,20251116_x2o-badkamers-trofee_rectavit-flandriencross-hamme_noloc,DE GRAUWE Jairo,,,,,,,,6.766666666666667,37.0
38.0,VAN DYCK Robbe,10101947889.0,BEL,ANTWERP CYCLING TEAM KONTICH,,Men Junior,,X2O Badkamers Trofee,RECTAVIT-FLANDRIENCROSS-HAMME,2025-11-16,,20251116_x2o-badkamers-trofee_rectavit-flandriencross-hamme_noloc,VAN DYCK Robbe,,,,,,,,6.766666666666667,38.0
39.0,WILSSENS Laurens,10065247537.0,BEL,WAC TEAM VZW,,Men Junior,,X2O Badkamers Trofee,RECTAVIT-FLANDRIENCROSS-HAMME,2025-11-16,,20251116_x2o-badkamers-trofee_rectavit-flandriencross-hamme_noloc,WILSSENS Laurens,,,,,,,,6.766666666666667,39.0
40.0,BEELS Finn,10125904869.0,BEL,HOTOND SPORTHOTEL-LITUBRA PARKET-WT WAREGEM,,Men Junior,,X2O Badkamers Trofee,RECTAVIT-FLANDRIENCROSS-HAMME,2025-11-16,,20251116_x2o-badkamers-trofee_rectavit-flandriencross-hamme_noloc,BEELS Finn,,,,,,,,6.766666666666667,40.0
41.0,WAUTELET Grégoire,10147749067.0,BEL,KZLWC - AE,,Men Junior,,X2O Badkamers Trofee,RECTAVIT-FLANDRIENCROSS-HAMME,2025-11-16,,20251116_x2o-badkamers-trofee_rectavit-flandriencross-hamme_noloc,WAUTELET Grégoire,,,,,,,,6.766666666666667,41.0
42.0,VERHEUGHE Emilien,10109751743.0,BEL,"WIELERCLUB ""ONDER - ONS PARIKE"" VZW",,Men Junior,,X2O Badkamers Trofee,RECTAVIT-FLANDRIENCROSS-HAMME,2025-11-16,,20251116_x2o-badkamers-trofee_rectavit-flandriencross-hamme_noloc,VERHEUGHE Emilien,,,,,,,,6.766666666666667,42.0
43.0,TAZELAAR Maike,10023170250.0,NED,ZRTC THEO MIDDELKAMP,,Men Junior,,X2O Badkamers Trofee,RECTAVIT-FLANDRIENCROSS-HAMME,2025-11-16,,20251116_x2o-badkamers-trofee_rectavit-flandriencross-hamme_noloc,TAZELAAR Maike,,,,,,,,6.766666666666667,43.0
44.0,VAN HEMELRIJK Joren,10109587954.0,BEL,"WIELERCLUB ""ONDER - ONS PARIKE"" VZW",,Men Junior,,X2O Badkamers Trofee,RECTAVIT-FLANDRIENCROSS-HAMME,2025-11-16,,20251116_x2o-badkamers-trofee_rectavit-flandriencross-hamme_noloc,VAN HEMELRIJK Joren,,,,,,,,6.766666666666667,44.0
45.0,DE NEEF Jens,10158147871.0,BEL,VAN MOER LOGISTICS CYCLING TEAM,,Men Junior,,X2O Badkamers Trofee,RECTAVIT-FLANDRIENCROSS-HAMME,2025-11-16,,20251116_x2o-badkamers-trofee_rectavit-flandriencross-hamme_noloc,DE NEEF Jens,,,,,,,,6.766666666666667,45.0
46.0,DE CLERCK Miel,10065231268.0,BEL,VAN MOER LOGISTICS CYCLING TEAM,,Men Junior,,X2O Badkamers Trofee,RECTAVIT-FLANDRIENCROSS-HAMME,2025-11-16,,20251116_x2o-badkamers-trofee_rectavit-flandriencross-hamme_noloc,DE CLERCK Miel,,,,,,,,6.766666666666667,46.0
47.0,GROENEVELD Darian,10062936109.0,NED,Individueel,,Men Junior,,X2O Badkamers Trofee,RECTAVIT-FLANDRIENCROSS-HAMME,2025-11-16,,20251116_x2o-badkamers-trofee_rectavit-flandriencross-hamme_noloc,GROENEVELD Darian,,,,,,,,6.766666666666667,47.0
48.0,DEGEZELLE Lars,10119293816.0,BEL,THE LEAD OUT CYCLING ACADEMY,,Men Junior,,X2O Badkamers Trofee,RECTAVIT-FLANDRIENCROSS-HAMME,2025-11-16,,20251116_x2o-badkamers-trofee_rectavit-flandriencross-hamme_noloc,DEGEZELLE Lars,,,,,,,,6.766666666666667,48.0
49.0,HAMERLINCK Jasper,10123071661.0,BEL,SPORT EN MOEDIG GENK,,Men Junior,,X2O Badkamers Trofee,RECTAVIT-FLANDRIENCROSS-HAMME,2025-11-16,,20251116_x2o-badkamers-trofee_rectavit-flandriencross-hamme_noloc,HAMERLINCK Jasper,,,,,,,,6.766666666666667,49.0
50.0,VANDEKERKHOVE Clément,10138322889.0,FRA,ECV BOULZICOURT,,Men Junior,,X2O Badkamers Trofee,RECTAVIT-FLANDRIENCROSS-HAMME,2025-11-16,,20251116_x2o-badkamers-trofee_rectavit-flandriencross-hamme_noloc,VANDEKERKHOVE Clément,,,,,,,,6.766666666666667,50.0
51.0,DEGEZELLE Niels,10122623845.0,BEL,THE LEAD OUT CYCLING ACADEMY,,Men Junior,,X2O Badkamers Trofee,RECTAVIT-FLANDRIENCROSS-HAMME,2025-11-16,,20251116_x2o-badkamers-trofee_rectavit-flandriencross-hamme_noloc,DEGEZELLE Niels,,,,,,,,6.766666666666667,51.0
52.0,GOOSSENAERTS Sebastiaan,10099362841.0,BEL,ANTWERP CYCLING TEAM KONTICH,,Men Junior,,X2O Badkamers Trofee,RECTAVIT-FLANDRIENCROSS-HAMME,2025-11-16,,20251116_x2o-badkamers-trofee_rectavit-flandriencross-hamme_noloc,GOOSSENAERTS Sebastiaan,,,,,,,,6.766666666666667,52.0
53.0,VAN MALDEREN Robbe,10089093268.0,BEL,NOW CYCLING TEAM,,Men Junior,,X2O Badkamers Trofee,RECTAVIT-FLANDRIENCROSS-HAMME,2025-11-16,,20251116_x2o-badkamers-trofee_rectavit-flandriencross-hamme_noloc,VAN MALDEREN Robbe,,,,,,,,6.766666666666667,53.0
,1 van 4,,,,,Men U23,,X2O Badkamers Trofee,RECTAVIT-FLANDRIENCROSS-HAMME,2025-11-16,,20251116_x2o-badkamers-trofee_rectavit-flandriencross-hamme_noloc,1 van 4,,,,,,,,6.766666666666667,54.0
1.0,CORSUS Yordi,10065119518.0,BEL,PAUWELS SAUZEN - ALTEZ INDUSTRIEBOUW CT,34.0,Men U23,,X2O Badkamers Trofee,RECTAVIT-FLANDRIENCROSS-HAMME,2025-11-16,,20251116_x2o-badkamers-trofee_rectavit-flandriencross-hamme_noloc,CORSUS Yordi,,,,,,,,6.766666666666667,55.0
2.0,DE BRUYCKERE Kay,10065053638.0,BEL,PAUWELS SAUZEN - ALTEZ INDUSTRIEBOUW CT,35.0,Men U23,,X2O Badkamers Trofee,RECTAVIT-FLANDRIENCROSS-HAMME,2025-11-16,,20251116_x2o-badkamers-trofee_rectavit-flandriencross-hamme_noloc,DE BRUYCKERE Kay,,,,,,,,6.766666666666667,56.0
3.0,VIEZZI Stefano,10030893975.0,ITA,ALPECIN DECEUNINCK DEVELOPMENT TEAM,38.0,Men U23,,X2O Badkamers Trofee,RECTAVIT-FLANDRIENCROSS-HAMME,2025-11-16,,20251116_x2o-badkamers-trofee_rectavit-flandriencross-hamme_noloc,VIEZZI Stefano,,,,,,,,6.766666666666667,57.0
4.0,VAN DEN EIJNDEN Guus,10022787405.0,NED,ALPECIN-DECEUNINCK DEVELOPMENT TEAM,53.0,Men U23,,X2O Badkamers Trofee,RECTAVIT-FLANDRIENCROSS-HAMME,2025-11-16,,20251116_x2o-badkamers-trofee_rectavit-flandriencross-hamme_noloc,VAN DEN EIJNDEN Guus,,,,,,,,6.766666666666667,58.0
5.0,VAS Barnabás,10023656462.0,HUN,MBH COLDPACK BALLAN,60.0,Men U23,,X2O Badkamers Trofee,RECTAVIT-FLANDRIENCROSS-HAMME,2025-11-16,,20251116_x2o-badkamers-trofee_rectavit-flandriencross-hamme_noloc,VAS Barnabás,,,,,,,,6.766666666666667,59.0
6.0,DE MOYER Kenay,10065066065.0,BEL,PAUWELS SAUZEN - ALTEZ INDUSTRIEBOUW CT,70.0,Men U23,,X2O Badkamers Trofee,RECTAVIT-FLANDRIENCROSS-HAMME,2025-11-16,,20251116_x2o-badkamers-trofee_rectavit-flandriencross-hamme_noloc,DE MOYER Kenay,,,,,,,,6.766666666666667,60.0
7.0,VANDENBERGHE Viktor,10087960489.0,BEL,PAUWELS SAUZEN - ALTEZ INDUSTRIEBOUW CT,75.0,Men U23,,X2O Badkamers Trofee,RECTAVIT-FLANDRIENCROSS-HAMME,2025-11-16,,20251116_x2o-badkamers-trofee_rectavit-flandriencross-hamme_noloc,VANDENBERGHE Viktor,,,,,,,,6.766666666666667,61.0
8.0,DE BRAUWERE Sil,10090915050.0,BEL,PAUWELS SAUZEN - ALTEZ INDUSTRIEBOUW CT,99.0,Men U23,,X2O Badkamers Trofee,RECTAVIT-FLANDRIENCROSS-HAMME,2025-11-16,,20251116_x2o-badkamers-trofee_rectavit-flandriencross-hamme_noloc,DE BRAUWERE Sil,,,,,,,,6.766666666666667,62.0
9.0,OERTZEN Max Heiner,10036147739.0,GER,PETER PANE NAGEL CX TEAM,119.0,Men U23,,X2O Badkamers Trofee,RECTAVIT-FLANDRIENCROSS-HAMME,2025-11-16,,20251116_x2o-badkamers-trofee_rectavit-flandriencross-hamme_noloc,OERTZEN Max Heiner,,,,,,,,6.766666666666667,63.0
10.0,GEVAERT Miles,10065066671.0,BEL,TOMABEL-INOFEC CYCLINGTEAM,126.0,Men U23,,X2O Badkamers Trofee,RECTAVIT-FLANDRIENCROSS-HAMME,2025-11-16,,20251116_x2o-badkamers-trofee_rectavit-flandriencross-hamme_noloc,GEVAERT Miles,,,,,,,,6.766666666666667,64.0
11.0,VAN GRIEKEN Stan,10065097488.0,BEL,STAGECO CYCLING TEAM,179.0,Men U23,,X2O Badkamers Trofee,RECTAVIT-FLANDRIENCROSS-HAMME,2025-11-16,,20251116_x2o-badkamers-trofee_rectavit-flandriencross-hamme_noloc,VAN GRIEKEN Stan,,,,,,,,6.766666666666667,65.0
12.0,JAMIN Antoine,10064271877.0,BEL,BH-WALLONIE MTB TEAM,180.0,Men U23,,X2O Badkamers Trofee,RECTAVIT-FLANDRIENCROSS-HAMME,2025-11-16,,20251116_x2o-badkamers-trofee_rectavit-flandriencross-hamme_noloc,JAMIN Antoine,,,,,,,,6.766666666666667,66.0
13.0,BOSSAERTS Senn,10065148719.0,BEL,CYCLIS - VAN DEN PLAS CYCLING TEAM,227.0,Men U23,,X2O Badkamers Trofee,RECTAVIT-FLANDRIENCROSS-HAMME,2025-11-16,,20251116_x2o-badkamers-trofee_rectavit-flandriencross-hamme_noloc,BOSSAERTS Senn,,,,,,,,6.766666666666667,67.0
14.0,HAVERDINGS Floris,10049010646.0,NED,METEOOR ASSEN RODEN,282.0,Men U23,,X2O Badkamers Trofee,RECTAVIT-FLANDRIENCROSS-HAMME,2025-11-16,,20251116_x2o-badkamers-trofee_rectavit-flandriencross-hamme_noloc,HAVERDINGS Floris,,,,,,,,6.766666666666667,68.0
15.0,SPRANGERS Bram,10065106784.0,BEL,VAN GORP PROJECTS - CT ZANDHOVEN,326.0,Men U23,,X2O Badkamers Trofee,RECTAVIT-FLANDRIENCROSS-HAMME,2025-11-16,,20251116_x2o-badkamers-trofee_rectavit-flandriencross-hamme_noloc,SPRANGERS Bram,,,,,,,,6.766666666666667,69.0
16.0,KING Carden,10065999083.0,USA,TRIPLE CROWN WORKSHOP,330.0,Men U23,,X2O Badkamers Trofee,RECTAVIT-FLANDRIENCROSS-HAMME,2025-11-16,,20251116_x2o-badkamers-trofee_rectavit-flandriencross-hamme_noloc,KING Carden,,,,,,,,6.766666666666667,70.0
17.0,VANHOUDT Yoren,10065141039.0,BEL,CYCLIS - VAN DEN PLAS CYCLING TEAM,368.0,Men U23,,X2O Badkamers Trofee,RECTAVIT-FLANDRIENCROSS-HAMME,2025-11-16,,20251116_x2o-badkamers-trofee_rectavit-flandriencross-hamme_noloc,VANHOUDT Yoren,,,,,,,,6.766666666666667,71.0
18.0,JOCHEMS Jelte,10023351015.0,NED,MBC BAR END,369.0,Men U23,,X2O Badkamers Trofee,RECTAVIT-FLANDRIENCROSS-HAMME,2025-11-16,,20251116_x2o-badkamers-trofee_rectavit-flandriencross-hamme_noloc,JOCHEMS Jelte,,,,,,,,6.766666666666667,72.0
19.0,LAENEN Ryan,10065187115.0,BEL,FIETSSERVICE-MONDRAKER TEAM,520.0,Men U23,,X2O Badkamers Trofee,RECTAVIT-FLANDRIENCROSS-HAMME,2025-11-16,,20251116_x2o-badkamers-trofee_rectavit-flandriencross-hamme_noloc,LAENEN Ryan,,,,,,,,6.766666666666667,73.0
20.0,NUYENS Wies,10065092640.0,BEL,PAUWELS SAUZEN - ALTEZ INDUSTRIEBOUW CT,531.0,Men U23,,X2O Badkamers Trofee,RECTAVIT-FLANDRIENCROSS-HAMME,2025-11-16,,20251116_x2o-badkamers-trofee_rectavit-flandriencross-hamme_noloc,NUYENS Wies,,,,,,,,6.766666666666667,74.0
21.0,MAES Fabian,10065152961.0,BEL,CYCLIS - VAN DEN PLAS CYCLING TEAM,533.0,Men U23,,X2O Badkamers Trofee,RECTAVIT-FLANDRIENCROSS-HAMME,2025-11-16,,20251116_x2o-badkamers-trofee_rectavit-flandriencross-hamme_noloc,MAES Fabian,,,,,,,,6.766666666666667,75.0
22.0,DAELMANS Bengt,10066080020.0,BEL,CYCLIS - VAN DEN PLAS CYCLING TEAM,560.0,Men U23,,X2O Badkamers Trofee,RECTAVIT-FLANDRIENCROSS-HAMME,2025-11-16,,20251116_x2o-badkamers-trofee_rectavit-flandriencross-hamme_noloc,DAELMANS Bengt,,,,,,,,6.766666666666667,76.0
23.0,JACOBS Lennes,10065203885.0,BEL,WAC TEAM VZW,598.0,Men U23,,X2O Badkamers Trofee,RECTAVIT-FLANDRIENCROSS-HAMME,2025-11-16,,20251116_x2o-badkamers-trofee_rectavit-flandriencross-hamme_noloc,JACOBS Lennes,,,,,,,,6.766666666666667,77.0
24.0,WESTOVER Finn,10099268972.0,USA,TEAM BOOGER,612.0,Men U23,,X2O Badkamers Trofee,RECTAVIT-FLANDRIENCROSS-HAMME,2025-11-16,,20251116_x2o-badkamers-trofee_rectavit-flandriencross-hamme_noloc,WESTOVER Finn,,,,,,,,6.766666666666667,78.0
25.0,HEIRBAUT Toon,10065094256.0,BEL,DCR CYCLING TEAM,639.0,Men U23,,X2O Badkamers Trofee,RECTAVIT-FLANDRIENCROSS-HAMME,2025-11-16,,20251116_x2o-badkamers-trofee_rectavit-flandriencross-hamme_noloc,HEIRBAUT Toon,,,,,,,,6.766666666666667,79.0
26.0,MARCHAND Robbe,10089840976.0,BEL,DESCHACHT-HENS CX TEAM,640.0,Men U23,,X2O Badkamers Trofee,RECTAVIT-FLANDRIENCROSS-HAMME,2025-11-16,,20251116_x2o-badkamers-trofee_rectavit-flandriencross-hamme_noloc,MARCHAND Robbe,,,,,,,,6.766666666666667,80.0
27.0,LOSFELD Louis,10091517056.0,BEL,TRUSTUP-CC CHEVIGNY,643.0,Men U23,,X2O Badkamers Trofee,RECTAVIT-FLANDRIENCROSS-HAMME,2025-11-16,,20251116_x2o-badkamers-trofee_rectavit-flandriencross-hamme_noloc,LOSFELD Louis,,,,,,,,6.766666666666667,81.0
28.0,VAN DEN BOER Arthur,10099256343.0,BEL,BALOISE GLOWI LIONS,653.0,Men U23,,X2O Badkamers Trofee,RECTAVIT-FLANDRIENCROSS-HAMME,2025-11-16,,20251116_x2o-badkamers-trofee_rectavit-flandriencross-hamme_noloc,VAN DEN BOER Arthur,,,,,,,,6.766666666666667,82.0
29.0,VANDEN EYNDE Mats,10086550858.0,BEL,BALOISE GLOWI LIONS,666.0,Men U23,,X2O Badkamers Trofee,RECTAVIT-FLANDRIENCROSS-HAMME,2025-11-16,,20251116_x2o-badkamers-trofee_rectavit-flandriencross-hamme_noloc,VANDEN EYNDE Mats,,,,,,,,6.766666666666667,83.0
30.0,SMITH Finn,10087808929.0,NED,VISKERCYCLING MTB TEAM,,Men U23,,X2O Badkamers Trofee,RECTAVIT-FLANDRIENCROSS-HAMME,2025-11-16,,20251116_x2o-badkamers-trofee_rectavit-flandriencross-hamme_noloc,SMITH Finn,,,,,,,,6.766666666666667,84.0
31.0,VAN LOOY Stan,10110031225.0,BEL,WAC TEAM VZW,,Men U23,,X2O Badkamers Trofee,RECTAVIT-FLANDRIENCROSS-HAMME,2025-11-16,,20251116_x2o-badkamers-trofee_rectavit-flandriencross-hamme_noloc,VAN LOOY Stan,,,,,,,,6.766666666666667,85.0
32.0,CRIEL Merlijn,10087513986.0,BEL,CENTER PARCS CT,,Men U23,,X2O Badkamers Trofee,RECTAVIT-FLANDRIENCROSS-HAMME,2025-11-16,,20251116_x2o-badkamers-trofee_rectavit-flandriencross-hamme_noloc,CRIEL Merlijn,,,,,,,,6.766666666666667,86.0
33.0,DECKERS Toon,10072053705.0,BEL,VP CONSULTING CYCLING TEAM,,Men U23,,X2O Badkamers Trofee,RECTAVIT-FLANDRIENCROSS-HAMME,2025-11-16,,20251116_x2o-badkamers-trofee_rectavit-flandriencross-hamme_noloc,DECKERS Toon,,,,,,,,6.766666666666667,87.0
34.0,ESCAJADILLO Pablo,10115229718.0,PER,ROYAL CUREGHEM SPORTIEF VZW,,Men U23,,X2O Badkamers Trofee,RECTAVIT-FLANDRIENCROSS-HAMME,2025-11-16,,20251116_x2o-badkamers-trofee_rectavit-flandriencross-hamme_noloc,ESCAJADILLO Pablo,,,,,,,,6.766666666666667,88.0
35.0,GEENS Keano,10065201057.0,BEL,WOUTIM-DEXTERS SPORT,,Men U23,,X2O Badkamers Trofee,RECTAVIT-FLANDRIENCROSS-HAMME,2025-11-16,,20251116_x2o-badkamers-trofee_rectavit-flandriencross-hamme_noloc,GEENS Keano,,,,,,,,6.766666666666667,89.0
36.0,MEEUSEN Lennert,10065190953.0,BEL,WAC TEAM VZW,,Men U23,,X2O Badkamers Trofee,RECTAVIT-FLANDRIENCROSS-HAMME,2025-11-16,,20251116_x2o-badkamers-trofee_rectavit-flandriencross-hamme_noloc,MEEUSEN Lennert,,,,,,,,6.766666666666667,90.0
37.0,WISSE Nick,10023195209.0,NED,ZRTC THEO MIDDELKAMP,,Men U23,,X2O Badkamers Trofee,RECTAVIT-FLANDRIENCROSS-HAMME,2025-11-16,,20251116_x2o-badkamers-trofee_rectavit-flandriencross-hamme_noloc,WISSE Nick,,,,,,,,6.766666666666667,91.0
38.0,VAN DEN BERGH Toon,10065075159.0,BEL,YOUNG CYCLING TALENT D&D,,Men U23,,X2O Badkamers Trofee,RECTAVIT-FLANDRIENCROSS-HAMME,2025-11-16,,20251116_x2o-badkamers-trofee_rectavit-flandriencross-hamme_noloc,VAN DEN BERGH Toon,,,,,,,,6.766666666666667,92.0
39.0,GOOVAERTS Jarne,10065116686.0,BEL,WOUTIM-DEXTERS SPORT,,Men U23,,X2O Badkamers Trofee,RECTAVIT-FLANDRIENCROSS-HAMME,2025-11-16,,20251116_x2o-badkamers-trofee_rectavit-flandriencross-hamme_noloc,GOOVAERTS Jarne,,,,,,,,6.766666666666667,93.0
40.0,GOOVAERTS Jorit,10065198330.0,BEL,WOUTIM-DEXTERS SPORT,,Men U23,,X2O Badkamers Trofee,RECTAVIT-FLANDRIENCROSS-HAMME,2025-11-16,,20251116_x2o-badkamers-trofee_rectavit-flandriencross-hamme_noloc,GOOVAERTS Jorit,,,,,,,,6.766666666666667,94.0
41.0,VAN LOOCKE Lars,10084631773.0,BEL,CAMPE LANCKRIET CYCLING TEAM,,Men U23,,X2O Badkamers Trofee,RECTAVIT-FLANDRIENCROSS-HAMME,2025-11-16,,20251116_x2o-badkamers-trofee_rectavit-flandriencross-hamme_noloc,VAN LOOCKE Lars,,,,,,,,6.766666666666667,95.0
42.0,VANCOMPERNOLLE Tibo,10065134470.0,BEL,DL CHEMICALS - EXPERZA CYCLING TEAM,,Men U23,,X2O Badkamers Trofee,RECTAVIT-FLANDRIENCROSS-HAMME,2025-11-16,,20251116_x2o-badkamers-trofee_rectavit-flandriencross-hamme_noloc,VANCOMPERNOLLE Tibo,,,,,,,,6.766666666666667,96.0
43.0,DEKORT Jens,10086823771.0,BEL,VAN GORP PROJECTS - CT ZANDHOVEN,,Men U23,,X2O Badkamers Trofee,RECTAVIT-FLANDRIENCROSS-HAMME,2025-11-16,,20251116_x2o-badkamers-trofee_rectavit-flandriencross-hamme_noloc,DEKORT Jens,,,,,,,,6.766666666666667,97.0
44.0,JACOBY François,10138094941.0,BEL,BRUSSELS CYCLING CLUB,,Men U23,,X2O Badkamers Trofee,RECTAVIT-FLANDRIENCROSS-HAMME,2025-11-16,,20251116_x2o-badkamers-trofee_rectavit-flandriencross-hamme_noloc,JACOBY François,,,,,,,,6.766666666666667,98.0
45.0,DE NYS Lars,10065203077.0,BEL,A.S. CONSTRUCT - CASTAAR CYCLING TEAM,,Men U23,,X2O Badkamers Trofee,RECTAVIT-FLANDRIENCROSS-HAMME,2025-11-16,,20251116_x2o-badkamers-trofee_rectavit-flandriencross-hamme_noloc,DE NYS Lars,,,,,,,,6.766666666666667,99.0
46.0,CARDIJN Jorre,10126807575.0,BEL,GMS CYCLING TEAM GLABBEEK,,Men U23,,X2O Badkamers Trofee,RECTAVIT-FLANDRIENCROSS-HAMME,2025-11-16,,20251116_x2o-badkamers-trofee_rectavit-flandriencross-hamme_noloc,CARDIJN Jorre,,,,,,,,6.766666666666667,100.0
47.0,VANLAERE Loïc,10065197421.0,BEL,STARBIKES - VISTABUILD,,Men U23,,X2O Badkamers Trofee,RECTAVIT-FLANDRIENCROSS-HAMME,2025-11-16,,20251116_x2o-badkamers-trofee_rectavit-flandriencross-hamme_noloc,VANLAERE Loïc,,,,,,,,6.766666666666667,101.0
48.0,VERSLOOT Rick,10023082142.0,NED,RC JAN VAN ARCKEL,,Men U23,,X2O Badkamers Trofee,RECTAVIT-FLANDRIENCROSS-HAMME,2025-11-16,,20251116_x2o-badkamers-trofee_rectavit-flandriencross-hamme_noloc,VERSLOOT Rick,,,,,,,,6.766666666666667,102.0
49.0,VROLIX Yarne,10119563392.0,BEL,VAN GORP PROJECTS - CT ZANDHOVEN,,Men U23,,X2O Badkamers Trofee,RECTAVIT-FLANDRIENCROSS-HAMME,2025-11-16,,20251116_x2o-badkamers-trofee_rectavit-flandriencross-hamme_noloc,VROLIX Yarne,,,,,,,,6.766666666666667,103.0
50.0,CROKET Maxime,10134157448.0,BEL,DESCHACHT-HENS CX TEAM,,Men U23,,X2O Badkamers Trofee,RECTAVIT-FLANDRIENCROSS-HAMME,2025-11-16,,20251116_x2o-badkamers-trofee_rectavit-flandriencross-hamme_noloc,CROKET Maxime,,,,,,,,6.766666666666667,104.0
51.0,WOUTERS Jelle,10065102138.0,BEL,STAGECO CYCLING TEAM,,Men U23,,X2O Badkamers Trofee,RECTAVIT-FLANDRIENCROSS-HAMME,2025-11-16,,20251116_x2o-badkamers-trofee_rectavit-flandriencross-hamme_noloc,WOUTERS Jelle,,,,,,,,6.766666666666667,105.0
52.0,DEPRAETERE Gust,10084695330.0,BEL,THE LEAD OUT CYCLING ACADEMY,,Men U23,,X2O Badkamers Trofee,RECTAVIT-FLANDRIENCROSS-HAMME,2025-11-16,,20251116_x2o-badkamers-trofee_rectavit-flandriencross-hamme_noloc,DEPRAETERE Gust,,,,,,,,6.766666666666667,106.0
53.0,VAN BRUWAENE Emiel,10065133561.0,BEL,TOMABEL-INOFEC CYCLINGTEAM,,Men U23,,X2O Badkamers Trofee,RECTAVIT-FLANDRIENCROSS-HAMME,2025-11-16,,20251116_x2o-badkamers-trofee_rectavit-flandriencross-hamme_noloc,VAN BRUWAENE Emiel,,,,,,,,6.766666666666667,107.0
54.0,DE CLERCQ Arne,10065059395.0,BEL,ASFRA RACING TEAM,,Men U23,,X2O Badkamers Trofee,RECTAVIT-FLANDRIENCROSS-HAMME,2025-11-16,,20251116_x2o-badkamers-trofee_rectavit-flandriencross-hamme_noloc,DE CLERCQ Arne,,,,,,,,6.766666666666667,108.0
55.0,JACOBS Josse,10070910115.0,BEL,WAC TEAM VZW,,Men U23,,X2O Badkamers Trofee,RECTAVIT-FLANDRIENCROSS-HAMME,2025-11-16,,20251116_x2o-badkamers-trofee_rectavit-flandriencross-hamme_noloc,JACOBS Josse,,,,,,,,6.766666666666667,109.0
56.0,MOURIS Michiel,10023052335.0,NED,ZZPR.NL-PARKHOTEL-ORANGE BABIES CT,,Men U23,,X2O Badkamers Trofee,RECTAVIT-FLANDRIENCROSS-HAMME,2025-11-16,,20251116_x2o-badkamers-trofee_rectavit-flandriencross-hamme_noloc,MOURIS Michiel,,,,,,,,6.766666666666667,110.0
57.0,IVENS Vince,10112786328.0,BEL,KZLWC - AE,,Men U23,,X2O Badkamers Trofee,RECTAVIT-FLANDRIENCROSS-HAMME,2025-11-16,,20251116_x2o-badkamers-trofee_rectavit-flandriencross-hamme_noloc,IVENS Vince,,,,,,,,6.766666666666667,111.0
58.0,MEYLENDER Rick,10035006775.0,LUX,CYCLING TEAM ATERTDAUL,,Men U23,,X2O Badkamers Trofee,RECTAVIT-FLANDRIENCROSS-HAMME,2025-11-16,,20251116_x2o-badkamers-trofee_rectavit-flandriencross-hamme_noloc,MEYLENDER Rick,,,,,,,,6.766666666666667,112.0
59.0,DAELMANS Lars,10119457908.0,BEL,STARBIKES - VISTABUILD,,Men U23,,X2O Badkamers Trofee,RECTAVIT-FLANDRIENCROSS-HAMME,2025-11-16,,20251116_x2o-badkamers-trofee_rectavit-flandriencross-hamme_noloc,DAELMANS Lars,,,,,,,,6.766666666666667,113.0
60.0,DE VOS Mees,10023304838.0,NED,ZRTC THEO MIDDELKAMP,,Men U23,,X2O Badkamers Trofee,RECTAVIT-FLANDRIENCROSS-HAMME,2025-11-16,,20251116_x2o-badkamers-trofee_rectavit-flandriencross-hamme_noloc,DE VOS Mees,,,,,,,,6.766666666666667,114.0
61.0,MAES Brent,10125216573.0,BEL,CYCLOCROSS TEAM MJ WOOD,,Men U23,,X2O Badkamers Trofee,RECTAVIT-FLANDRIENCROSS-HAMME,2025-11-16,,20251116_x2o-badkamers-trofee_rectavit-flandriencross-hamme_noloc,MAES Brent,,,,,,,,6.766666666666667,115.0
62.0,DE NYS Milan,10065078795.0,BEL,A.S. CONSTRUCT - CASTAAR CYCLING TEAM,,Men U23,,X2O Badkamers Trofee,RECTAVIT-FLANDRIENCROSS-HAMME,2025-11-16,,20251116_x2o-badkamers-trofee_rectavit-flandriencross-hamme_noloc,DE NYS Milan,,,,,,,,6.766666666666667,116.0
,2 van 4,,,,,Men U23,,X2O Badkamers Trofee,RECTAVIT-FLANDRIENCROSS-HAMME,2025-11-16,,20251116_x2o-badkamers-trofee_rectavit-flandriencross-hamme_noloc,2 van 4,,,,,,,,6.766666666666667,117.0
63.0,SEGERS Seppe,10085565805.0,BEL,VAN GORP PROJECTS - CT ZANDHOVEN,,Men U23,,X2O Badkamers Trofee,RECTAVIT-FLANDRIENCROSS-HAMME,2025-11-16,,20251116_x2o-badkamers-trofee_rectavit-flandriencross-hamme_noloc,SEGERS Seppe,,,,,,,,6.766666666666667,118.0
64.0,ERPELS Ferre,10065182667.0,BEL,TEAM KEMPEN CYCLING VZW,,Men U23,,X2O Badkamers Trofee,RECTAVIT-FLANDRIENCROSS-HAMME,2025-11-16,,20251116_x2o-badkamers-trofee_rectavit-flandriencross-hamme_noloc,ERPELS Ferre,,,,,,,,6.766666666666667,119.0
65.0,JOIJE Joppe,10076682221.0,BEL,CYCLING TEAM HOUTLAND-WESTKUST,,Men U23,,X2O Badkamers Trofee,RECTAVIT-FLANDRIENCROSS-HAMME,2025-11-16,,20251116_x2o-badkamers-trofee_rectavit-flandriencross-hamme_noloc,JOIJE Joppe,,,,,,,,6.766666666666667,120.0
1.0,VAN DER HEIJDEN Inge,10010592885.0,NED,CRELAN-CORENDON,3.0,Men U23,,X2O Badkamers Trofee,RECTAVIT-FLANDRIENCROSS-HAMME,2025-11-16,,20251116_x2o-badkamers-trofee_rectavit-flandriencross-hamme_noloc,VAN DER HEIJDEN Inge,,,,,,,,6.766666666666667,121.0
2.0,BRAND Lucinda,10006605680.0,NED,BALOISE GLOWI LIONS,1.0,Men U23,,X2O Badkamers Trofee,RECTAVIT-FLANDRIENCROSS-HAMME,2025-11-16,,20251116_x2o-badkamers-trofee_rectavit-flandriencross-hamme_noloc,BRAND Lucinda,,,,,,,,6.766666666666667,122.0
3.0,BAKKER Manon,10009521643.0,NED,FENIX-DECEUNINCK DEVELOPMENT TEAM,8.0,Men U23,,X2O Badkamers Trofee,RECTAVIT-FLANDRIENCROSS-HAMME,2025-11-16,,20251116_x2o-badkamers-trofee_rectavit-flandriencross-hamme_noloc,BAKKER Manon,,,,,,,,6.766666666666667,123.0
4.0,SCHREIBER Marie,10034998489.0,LUX,TEAM SDWORX - PROTIME,10.0,Men U23,,X2O Badkamers Trofee,RECTAVIT-FLANDRIENCROSS-HAMME,2025-11-16,,20251116_x2o-badkamers-trofee_rectavit-flandriencross-hamme_noloc,SCHREIBER Marie,,,,,,,,6.766666666666667,124.0
5.0,BROUWERS Julie,10065009885.0,BEL,CHARLES-LIÉGEOIS ROASTERY CX,13.0,Men U23,,X2O Badkamers Trofee,RECTAVIT-FLANDRIENCROSS-HAMME,2025-11-16,,20251116_x2o-badkamers-trofee_rectavit-flandriencross-hamme_noloc,BROUWERS Julie,,,,,,,,6.766666666666667,125.0
6.0,VAN ALPHEN Aniek,10015541303.0,NED,SEVEN RACING,14.0,Men U23,,X2O Badkamers Trofee,RECTAVIT-FLANDRIENCROSS-HAMME,2025-11-16,,20251116_x2o-badkamers-trofee_rectavit-flandriencross-hamme_noloc,VAN ALPHEN Aniek,,,,,,,,6.766666666666667,126.0
7.0,CLAUZEL Hélène,10009876806.0,FRA,INDIVIDUEEL,15.0,Men U23,,X2O Badkamers Trofee,RECTAVIT-FLANDRIENCROSS-HAMME,2025-11-16,,20251116_x2o-badkamers-trofee_rectavit-flandriencross-hamme_noloc,CLAUZEL Hélène,,,,,,,,6.766666666666667,127.0
8.0,BETSEMA Denise,10007654694.0,NED,DE CEUSTER - BOUWPUNT,16.0,Men U23,,X2O Badkamers Trofee,RECTAVIT-FLANDRIENCROSS-HAMME,2025-11-16,,20251116_x2o-badkamers-trofee_rectavit-flandriencross-hamme_noloc,BETSEMA Denise,,,,,,,,6.766666666666667,128.0
9.0,CUSACK Lidia,10096124556.0,USA,USA NATIONAL TEAM,37.0,Men U23,,X2O Badkamers Trofee,RECTAVIT-FLANDRIENCROSS-HAMME,2025-11-16,,20251116_x2o-badkamers-trofee_rectavit-flandriencross-hamme_noloc,CUSACK Lidia,,,,,,,,6.766666666666667,129.0
10.0,KAY Anna,10015470672.0,GBR,ESSEC CYCLING TEAM,39.0,Men U23,,X2O Badkamers Trofee,RECTAVIT-FLANDRIENCROSS-HAMME,2025-11-16,,20251116_x2o-badkamers-trofee_rectavit-flandriencross-hamme_noloc,KAY Anna,,,,,,,,6.766666666666667,130.0
11.0,CRABBÉ Kiona,10064929760.0,BEL,LOTTO-X-OATS ATHLETES FOR HOPE,47.0,Men U23,,X2O Badkamers Trofee,RECTAVIT-FLANDRIENCROSS-HAMME,2025-11-16,,20251116_x2o-badkamers-trofee_rectavit-flandriencross-hamme_noloc,CRABBÉ Kiona,,,,,,,,6.766666666666667,131.0
12.0,HARTOG Larissa,10022713946.0,NED,ORANGE BABIES CYCLING TEAM,64.0,Men U23,,X2O Badkamers Trofee,RECTAVIT-FLANDRIENCROSS-HAMME,2025-11-16,,20251116_x2o-badkamers-trofee_rectavit-flandriencross-hamme_noloc,HARTOG Larissa,,,,,,,,6.766666666666667,132.0
13.0,CLAUZEL Perrine,10007703194.0,FRA,AS BIKE CROSS TEAM,72.0,Men U23,,X2O Badkamers Trofee,RECTAVIT-FLANDRIENCROSS-HAMME,2025-11-16,,20251116_x2o-badkamers-trofee_rectavit-flandriencross-hamme_noloc,CLAUZEL Perrine,,,,,,,,6.766666666666667,133.0
14.0,DE BEER Jamie,10155432174.0,NED,TWC HET SNELLE WIEL BESTRONICS,86.0,Men U23,,X2O Badkamers Trofee,RECTAVIT-FLANDRIENCROSS-HAMME,2025-11-16,,20251116_x2o-badkamers-trofee_rectavit-flandriencross-hamme_noloc,DE BEER Jamie,,,,,,,,6.766666666666667,134.0
15.0,VERVLOET Sterre,10065040807.0,BEL,DESCHACHT-HENS CX TEAM,105.0,Men U23,,X2O Badkamers Trofee,RECTAVIT-FLANDRIENCROSS-HAMME,2025-11-16,,20251116_x2o-badkamers-trofee_rectavit-flandriencross-hamme_noloc,VERVLOET Sterre,,,,,,,,6.766666666666667,135.0
16.0,DE SCHOESITTER Shanyl,10065150941.0,BEL,PAUWELS SAUZEN - ALTEZ INDUSTRIEBOUW CT,115.0,Men U23,,X2O Badkamers Trofee,RECTAVIT-FLANDRIENCROSS-HAMME,2025-11-16,,20251116_x2o-badkamers-trofee_rectavit-flandriencross-hamme_noloc,DE SCHOESITTER Shanyl,,,,,,,,6.766666666666667,136.0
17.0,LAURIJSSEN Sanne,10084938941.0,BEL,CRELAN-CORENDON,130.0,Men U23,,X2O Badkamers Trofee,RECTAVIT-FLANDRIENCROSS-HAMME,2025-11-16,,20251116_x2o-badkamers-trofee_rectavit-flandriencross-hamme_noloc,LAURIJSSEN Sanne,,,,,,,,6.766666666666667,137.0
18.0,MITCHINSON Ellie,10090914646.0,GBR,MONTEZUMAS EVENTREX,135.0,Men U23,,X2O Badkamers Trofee,RECTAVIT-FLANDRIENCROSS-HAMME,2025-11-16,,20251116_x2o-badkamers-trofee_rectavit-flandriencross-hamme_noloc,MITCHINSON Ellie,,,,,,,,6.766666666666667,138.0
19.0,LEMMENS Melanie,10065232985.0,BEL,ACROG-TORMANS,154.0,Men U23,,X2O Badkamers Trofee,RECTAVIT-FLANDRIENCROSS-HAMME,2025-11-16,,20251116_x2o-badkamers-trofee_rectavit-flandriencross-hamme_noloc,LEMMENS Melanie,,,,,,,,6.766666666666667,139.0
20.0,HLADÍKOVÁ Kateřina,10047765309.0,CZE,BRILON RACING TEAM,175.0,Men U23,,X2O Badkamers Trofee,RECTAVIT-FLANDRIENCROSS-HAMME,2025-11-16,,20251116_x2o-badkamers-trofee_rectavit-flandriencross-hamme_noloc,HLADÍKOVÁ Kateřina,,,,,,,,6.766666666666667,140.0
21.0,VAN DE STEENE Kim,10007952566.0,BEL,NEVER GIVE UP BY JOLIEN VERSCHUEREN,188.0,Men U23,,X2O Badkamers Trofee,RECTAVIT-FLANDRIENCROSS-HAMME,2025-11-16,,20251116_x2o-badkamers-trofee_rectavit-flandriencross-hamme_noloc,VAN DE STEENE Kim,,,,,,,,6.766666666666667,141.0
22.0,WENZEL Liv,10035000513.0,LUX,HESS CYCLING TEAM,197.0,Men U23,,X2O Badkamers Trofee,RECTAVIT-FLANDRIENCROSS-HAMME,2025-11-16,,20251116_x2o-badkamers-trofee_rectavit-flandriencross-hamme_noloc,WENZEL Liv,,,,,,,,6.766666666666667,142.0
23.0,DE RAEDEMAEKER Alexe,10099080329.0,BEL,ESSEC CYCLING TEAM,279.0,Men U23,,X2O Badkamers Trofee,RECTAVIT-FLANDRIENCROSS-HAMME,2025-11-16,,20251116_x2o-badkamers-trofee_rectavit-flandriencross-hamme_noloc,DE RAEDEMAEKER Alexe,,,,,,,,6.766666666666667,143.0
24.0,MAES Lisa,10125216674.0,BEL,DE CEUSTER-ACROG,297.0,Men U23,,X2O Badkamers Trofee,RECTAVIT-FLANDRIENCROSS-HAMME,2025-11-16,,20251116_x2o-badkamers-trofee_rectavit-flandriencross-hamme_noloc,MAES Lisa,,,,,,,,6.766666666666667,144.0
25.0,BAELE Lotte,10075241567.0,BEL,DE CEUSTER - BOUWPUNT,303.0,Men U23,,X2O Badkamers Trofee,RECTAVIT-FLANDRIENCROSS-HAMME,2025-11-16,,20251116_x2o-badkamers-trofee_rectavit-flandriencross-hamme_noloc,BAELE Lotte,,,,,,,,6.766666666666667,145.0
26.0,DE BRUYCKERE Xenna,10065096983.0,BEL,DE CEUSTER-ACROG,321.0,Men U23,,X2O Badkamers Trofee,RECTAVIT-FLANDRIENCROSS-HAMME,2025-11-16,,20251116_x2o-badkamers-trofee_rectavit-flandriencross-hamme_noloc,DE BRUYCKERE Xenna,,,,,,,,6.766666666666667,146.0
27.0,STEFFENHAGEN Diana,10015540592.0,GER,RSV SEEHEIM 1971,322.0,Men U23,,X2O Badkamers Trofee,RECTAVIT-FLANDRIENCROSS-HAMME,2025-11-16,,20251116_x2o-badkamers-trofee_rectavit-flandriencross-hamme_noloc,STEFFENHAGEN Diana,,,,,,,,6.766666666666667,147.0
28.0,SECCHI Giorgia,10031821135.0,ITA,ASD WOMEN CYCLING PROJECT,391.0,Men U23,,X2O Badkamers Trofee,RECTAVIT-FLANDRIENCROSS-HAMME,2025-11-16,,20251116_x2o-badkamers-trofee_rectavit-flandriencross-hamme_noloc,SECCHI Giorgia,,,,,,,,6.766666666666667,148.0
29.0,MOS Anniek,10085934203.0,NED,WSV DE PEDDELAARS,478.0,Men U23,,X2O Badkamers Trofee,RECTAVIT-FLANDRIENCROSS-HAMME,2025-11-16,,20251116_x2o-badkamers-trofee_rectavit-flandriencross-hamme_noloc,MOS Anniek,,,,,,,,6.766666666666667,149.0
30.0,SEYNAVE Ilken,10065162964.0,BEL,DESCHACHT-HENS CX TEAM,539.0,Men U23,,X2O Badkamers Trofee,RECTAVIT-FLANDRIENCROSS-HAMME,2025-11-16,,20251116_x2o-badkamers-trofee_rectavit-flandriencross-hamme_noloc,SEYNAVE Ilken,,,,,,,,6.766666666666667,150.0
31.0,DELCOMMUNE Juline,10078333140.0,BEL,TEAM WILINK BRUSSELS CYCLING,679.0,Men U23,,X2O Badkamers Trofee,RECTAVIT-FLANDRIENCROSS-HAMME,2025-11-16,,20251116_x2o-badkamers-trofee_rectavit-flandriencross-hamme_noloc,DELCOMMUNE Juline,,,,,,,,6.766666666666667,151.0
32.0,SCHOLLAERT Shanaya Esther,10108561168.0,BEL,BALOISE MINIMAX WB LADIES,706.0,Men U23,,X2O Badkamers Trofee,RECTAVIT-FLANDRIENCROSS-HAMME,2025-11-16,,20251116_x2o-badkamers-trofee_rectavit-flandriencross-hamme_noloc,SCHOLLAERT Shanaya Esther,,,,,,,,6.766666666666667,152.0
33.0,DE BRUYNE Meg,10009112526.0,BEL,SUPER HELP - EVIL EYE,767.0,Men U23,,X2O Badkamers Trofee,RECTAVIT-FLANDRIENCROSS-HAMME,2025-11-16,,20251116_x2o-badkamers-trofee_rectavit-flandriencross-hamme_noloc,DE BRUYNE Meg,,,,,,,,6.766666666666667,153.0
34.0,KNIJNENBURG Anne,10135109967.0,NED,VOLKER WESSELS CYCLING TEAM,,Men U23,,X2O Badkamers Trofee,RECTAVIT-FLANDRIENCROSS-HAMME,2025-11-16,,20251116_x2o-badkamers-trofee_rectavit-flandriencross-hamme_noloc,KNIJNENBURG Anne,,,,,,,,6.766666666666667,154.0
1.0,AERTS Toon,10007586087.0,BEL,DESCHACHT-HENS CX TEAM,2.0,Men Elite,,X2O Badkamers Trofee,RECTAVIT-FLANDRIENCROSS-HAMME,2025-11-16,,20251116_x2o-badkamers-trofee_rectavit-flandriencross-hamme_noloc,AERTS Toon,,,,,,,,6.766666666666667,155.0
2.0,NYS Thibau,10065004835.0,BEL,BALOISE GLOWI LIONS,9.0,Men Elite,,X2O Badkamers Trofee,RECTAVIT-FLANDRIENCROSS-HAMME,2025-11-16,,20251116_x2o-badkamers-trofee_rectavit-flandriencross-hamme_noloc,NYS Thibau,,,,,,,,6.766666666666667,156.0
3.0,VANTHOURENHOUT Michael,10007155651.0,BEL,PAUWELS SAUZEN - ALTEZ INDUSTRIEBOUW CT,1.0,Men Elite,,X2O Badkamers Trofee,RECTAVIT-FLANDRIENCROSS-HAMME,2025-11-16,,20251116_x2o-badkamers-trofee_rectavit-flandriencross-hamme_noloc,VANTHOURENHOUT Michael,,,,,,,,6.766666666666667,157.0
4.0,VANDEPUTTE Niels,10016327609.0,BEL,ALPECIN-DECEUNINCK DEVELOPMENT TEAM,4.0,Men Elite,,X2O Badkamers Trofee,RECTAVIT-FLANDRIENCROSS-HAMME,2025-11-16,,20251116_x2o-badkamers-trofee_rectavit-flandriencross-hamme_noloc,VANDEPUTTE Niels,,,,,,,,6.766666666666667,158.0
5.0,WYSEURE Joran,10064921777.0,BEL,CRELAN-CORENDON,5.0,Men Elite,,X2O Badkamers Trofee,RECTAVIT-FLANDRIENCROSS-HAMME,2025-11-16,,20251116_x2o-badkamers-trofee_rectavit-flandriencross-hamme_noloc,WYSEURE Joran,,,,,,,,6.766666666666667,159.0
6.0,SWEECK Laurens,10006912646.0,BEL,CRELAN-CORENDON,7.0,Men Elite,,X2O Badkamers Trofee,RECTAVIT-FLANDRIENCROSS-HAMME,2025-11-16,,20251116_x2o-badkamers-trofee_rectavit-flandriencross-hamme_noloc,SWEECK Laurens,,,,,,,,6.766666666666667,160.0
7.0,VAN DER HAAR Lars,10006118660.0,NED,BALOISE GLOWI LIONS,8.0,Men Elite,,X2O Badkamers Trofee,RECTAVIT-FLANDRIENCROSS-HAMME,2025-11-16,,20251116_x2o-badkamers-trofee_rectavit-flandriencross-hamme_noloc,VAN DER HAAR Lars,,,,,,,,6.766666666666667,161.0
8.0,ORTS LLORET Felipe,10009004715.0,ESP,RIDLEY RACING TEAM,11.0,Men Elite,,X2O Badkamers Trofee,RECTAVIT-FLANDRIENCROSS-HAMME,2025-11-16,,20251116_x2o-badkamers-trofee_rectavit-flandriencross-hamme_noloc,ORTS LLORET Felipe,,,,,,,,6.766666666666667,162.0
9.0,VERSTRYNGE Emiel,10064972705.0,BEL,CRELAN-CORENDON,12.0,Men Elite,,X2O Badkamers Trofee,RECTAVIT-FLANDRIENCROSS-HAMME,2025-11-16,,20251116_x2o-badkamers-trofee_rectavit-flandriencross-hamme_noloc,VERSTRYNGE Emiel,,,,,,,,6.766666666666667,163.0
10.0,KUHN Kevin,10009746763.0,SUI,HEIZOMAT - CUBE,14.0,Men Elite,,X2O Badkamers Trofee,RECTAVIT-FLANDRIENCROSS-HAMME,2025-11-16,,20251116_x2o-badkamers-trofee_rectavit-flandriencross-hamme_noloc,KUHN Kevin,,,,,,,,6.766666666666667,164.0
11.0,NIEUWENHUIS Joris,10008705833.0,NED,RIDLEY RACING TEAM,15.0,Men Elite,,X2O Badkamers Trofee,RECTAVIT-FLANDRIENCROSS-HAMME,2025-11-16,,20251116_x2o-badkamers-trofee_rectavit-flandriencross-hamme_noloc,NIEUWENHUIS Joris,,,,,,,,6.766666666666667,165.0
12.0,STROHMEYER Andrew,10071735019.0,USA,CXD TREK BIKES,16.0,Men Elite,,X2O Badkamers Trofee,RECTAVIT-FLANDRIENCROSS-HAMME,2025-11-16,,20251116_x2o-badkamers-trofee_rectavit-flandriencross-hamme_noloc,STROHMEYER Andrew,,,,,,,,6.766666666666667,166.0
13.0,MASON Cameron,10023574923.0,GBR,SEVEN RACING,18.0,Men Elite,,X2O Badkamers Trofee,RECTAVIT-FLANDRIENCROSS-HAMME,2025-11-16,,20251116_x2o-badkamers-trofee_rectavit-flandriencross-hamme_noloc,MASON Cameron,,,,,,,,6.766666666666667,167.0
14.0,MICHELS Jente,10065014333.0,BEL,ALPECIN-DECEUNINCK DEVELOPMENT TEAM,20.0,Men Elite,,X2O Badkamers Trofee,RECTAVIT-FLANDRIENCROSS-HAMME,2025-11-16,,20251116_x2o-badkamers-trofee_rectavit-flandriencross-hamme_noloc,MICHELS Jente,,,,,,,,6.766666666666667,168.0
15.0,HENDRIKX Mees,10016519484.0,NED,HEIZOMAT - CUBE,22.0,Men Elite,,X2O Badkamers Trofee,RECTAVIT-FLANDRIENCROSS-HAMME,2025-11-16,,20251116_x2o-badkamers-trofee_rectavit-flandriencross-hamme_noloc,HENDRIKX Mees,,,,,,,,6.766666666666667,169.0
,3 van 4,,,,,Men Elite,,X2O Badkamers Trofee,RECTAVIT-FLANDRIENCROSS-HAMME,2025-11-16,,20251116_x2o-badkamers-trofee_rectavit-flandriencross-hamme_noloc,3 van 4,,,,,,,,6.766666666666667,170.0
16.0,KAMP Ryan,10023356166.0,NED,ALPECIN-DECEUNINCK DEVELOPMENT TEAM,24.0,Men Elite,,X2O Badkamers Trofee,RECTAVIT-FLANDRIENCROSS-HAMME,2025-11-16,,20251116_x2o-badkamers-trofee_rectavit-flandriencross-hamme_noloc,KAMP Ryan,,,,,,,,6.766666666666667,171.0
17.0,VANDEBOSCH Toon,10010943604.0,BEL,CRELAN-CORENDON,26.0,Men Elite,,X2O Badkamers Trofee,RECTAVIT-FLANDRIENCROSS-HAMME,2025-11-16,,20251116_x2o-badkamers-trofee_rectavit-flandriencross-hamme_noloc,VANDEBOSCH Toon,,,,,,,,6.766666666666667,172.0
18.0,SUAREZ FERNANDEZ Kevin,10007584572.0,ESP,NESTA - MMR CX TEAM,37.0,Men Elite,,X2O Badkamers Trofee,RECTAVIT-FLANDRIENCROSS-HAMME,2025-11-16,,20251116_x2o-badkamers-trofee_rectavit-flandriencross-hamme_noloc,SUAREZ FERNANDEZ Kevin,,,,,,,,6.766666666666667,173.0
19.0,VAN DE PUTTE Victor,10064985940.0,BEL,DESCHACHT-HENS CX TEAM,40.0,Men Elite,,X2O Badkamers Trofee,RECTAVIT-FLANDRIENCROSS-HAMME,2025-11-16,,20251116_x2o-badkamers-trofee_rectavit-flandriencross-hamme_noloc,VAN DE PUTTE Victor,,,,,,,,6.766666666666667,174.0
20.0,MEEUSSEN Witse,10064931679.0,BEL,CRELAN-CORENDON,51.0,Men Elite,,X2O Badkamers Trofee,RECTAVIT-FLANDRIENCROSS-HAMME,2025-11-16,,20251116_x2o-badkamers-trofee_rectavit-flandriencross-hamme_noloc,MEEUSSEN Witse,,,,,,,,6.766666666666667,175.0
21.0,HORNY Clement,10016419858.0,BEL,BH-WALLONIE MTB TEAM,59.0,Men Elite,,X2O Badkamers Trofee,RECTAVIT-FLANDRIENCROSS-HAMME,2025-11-16,,20251116_x2o-badkamers-trofee_rectavit-flandriencross-hamme_noloc,HORNY Clement,,,,,,,,6.766666666666667,176.0
22.0,MARASCO Lorenzo,10023530059.0,FRA,SEBMOTOBIKES CX TEAM,97.0,Men Elite,,X2O Badkamers Trofee,RECTAVIT-FLANDRIENCROSS-HAMME,2025-11-16,,20251116_x2o-badkamers-trofee_rectavit-flandriencross-hamme_noloc,MARASCO Lorenzo,,,,,,,,6.766666666666667,177.0
23.0,FERDINANDE Anton,10016322656.0,BEL,SHIFTING GEARS,112.0,Men Elite,,X2O Badkamers Trofee,RECTAVIT-FLANDRIENCROSS-HAMME,2025-11-16,,20251116_x2o-badkamers-trofee_rectavit-flandriencross-hamme_noloc,FERDINANDE Anton,,,,,,,,6.766666666666667,178.0
24.0,GROENENDAAL Bailey,10022873085.0,DEN,TWC DE KEMPEN,129.0,Men Elite,,X2O Badkamers Trofee,RECTAVIT-FLANDRIENCROSS-HAMME,2025-11-16,,20251116_x2o-badkamers-trofee_rectavit-flandriencross-hamme_noloc,GROENENDAAL Bailey,,,,,,,,6.766666666666667,179.0
25.0,LOOCKX Lander,10009360884.0,BEL,UNIBET TIETEMA ROCKETS,149.0,Men Elite,,X2O Badkamers Trofee,RECTAVIT-FLANDRIENCROSS-HAMME,2025-11-16,,20251116_x2o-badkamers-trofee_rectavit-flandriencross-hamme_noloc,LOOCKX Lander,,,,,,,,6.766666666666667,180.0
26.0,JANSSEN Wout,10064972095.0,BEL,CYCLIS - VAN DEN PLAS CYCLING TEAM,156.0,Men Elite,,X2O Badkamers Trofee,RECTAVIT-FLANDRIENCROSS-HAMME,2025-11-16,,20251116_x2o-badkamers-trofee_rectavit-flandriencross-hamme_noloc,JANSSEN Wout,,,,,,,,6.766666666666667,181.0
27.0,DELNOIJE Remon,10022684139.0,NED,TWC DE KEMPEN,172.0,Men Elite,,X2O Badkamers Trofee,RECTAVIT-FLANDRIENCROSS-HAMME,2025-11-16,,20251116_x2o-badkamers-trofee_rectavit-flandriencross-hamme_noloc,DELNOIJE Remon,,,,,,,,6.766666666666667,182.0
28.0,OKAYAMA Yuta,10021324321.0,JPN,OLANDA BASE/WATERSLEY,385.0,Men Elite,,X2O Badkamers Trofee,RECTAVIT-FLANDRIENCROSS-HAMME,2025-11-16,,20251116_x2o-badkamers-trofee_rectavit-flandriencross-hamme_noloc,OKAYAMA Yuta,,,,,,,,6.766666666666667,183.0
29.0,DE VET Sander,10016393182.0,BEL,TRUSTUP-CC CHEVIGNY,633.0,Men Elite,,X2O Badkamers Trofee,RECTAVIT-FLANDRIENCROSS-HAMME,2025-11-16,,20251116_x2o-badkamers-trofee_rectavit-flandriencross-hamme_noloc,DE VET Sander,,,,,,,,6.766666666666667,184.0
30.0,ALDERWEIRELD Robin,10009859123.0,BEL,TEAM ATOM 6,654.0,Men Elite,,X2O Badkamers Trofee,RECTAVIT-FLANDRIENCROSS-HAMME,2025-11-16,,20251116_x2o-badkamers-trofee_rectavit-flandriencross-hamme_noloc,ALDERWEIRELD Robin,,,,,,,,6.766666666666667,185.0
31.0,D´HOLLANDER Senne,10064985132.0,BEL,CYCLIS - VAN DEN PLAS CYCLING TEAM,,Men Elite,,X2O Badkamers Trofee,RECTAVIT-FLANDRIENCROSS-HAMME,2025-11-16,,20251116_x2o-badkamers-trofee_rectavit-flandriencross-hamme_noloc,D´HOLLANDER Senne,,,,,,,,6.766666666666667,186.0
32.0,MERTENS Jonas,10064969065.0,BEL,T&T MTB RACING TEAM,,Men Elite,,X2O Badkamers Trofee,RECTAVIT-FLANDRIENCROSS-HAMME,2025-11-16,,20251116_x2o-badkamers-trofee_rectavit-flandriencross-hamme_noloc,MERTENS Jonas,,,,,,,,6.766666666666667,187.0
33.0,JANSE Stef,10064936632.0,BEL,YOUNG CYCLING TALENT D&D,,Men Elite,,X2O Badkamers Trofee,RECTAVIT-FLANDRIENCROSS-HAMME,2025-11-16,,20251116_x2o-badkamers-trofee_rectavit-flandriencross-hamme_noloc,JANSE Stef,,,,,,,,6.766666666666667,188.0
,4 van 4,,,,,Men Elite,,X2O Badkamers Trofee,RECTAVIT-FLANDRIENCROSS-HAMME,2025-11-16,,20251116_x2o-badkamers-trofee_rectavit-flandriencross-hamme_noloc,4 van 4,,,,,,,,6.766666666666667,189.0
