Nr,Naam,UCI ID,Nat,Club,UCI Rank,series_name,race_name,race_date,race_location,race_id,category_full,rider_name
1.0,AERTS Toon,10007586087,BEL,DESCHACHT-HENS CX TEAM,2.0,,Telenet Superprestige AARDBEIENCROSS-MERKSPLAS 15:11:2025,,,unknown_standalone_telenet-superprestige-aardbeiencross-merksplas-15-11-2025_noloc,Men Elite,AERTS Toon
2.0,NYS Thibau,10065004835,BEL,BALOISE GLOWI LIONS,9.0,,Telenet Superprestige AARDBEIENCROSS-MERKSPLAS 15:11:2025,,,unknown_standalone_telenet-superprestige-aardbeiencross-merksplas-15-11-2025_noloc,Men Elite,NYS Thibau
3.0,VANTHOURENHOUT Michael,10007155651,BEL,PAUWELS SAUZEN - ALTEZ INDUSTRIEBOUW CT,1.0,,Telenet Superprestige AARDBEIENCROSS-MERKSPLAS 15:11:2025,,,unknown_standalone_telenet-superprestige-aardbeiencross-merksplas-15-11-2025_noloc,Men Elite,VANTHOURENHOUT Michael
4.0,VANDEPUTTE Niels,10016327609,BEL,ALPECIN-DECEUNINCK DEVELOPMENT TEAM,4.0,,Telenet Superprestige AARDBEIENCROSS-MERKSPLAS 15:11:2025,,,unknown_standalone_telenet-superprestige-aardbeiencross-merksplas-15-11-2025_noloc,Men Elite,VANDEPUTTE Niels
5.0,WYSEURE Joran,10064921777,BEL,CRELAN-CORENDON,5.0,,Telenet Superprestige AARDBEIENCROSS-MERKSPLAS 15:11:2025,,,unknown_standalone_telenet-superprestige-aardbeiencross-merksplas-15-11-2025_noloc,Men Elite,WYSEURE Joran
6.0,SWEECK Laurens,10006912646,BEL,CRELAN-CORENDON,7.0,,Telenet Superprestige AARDBEIENCROSS-MERKSPLAS 15:11:2025,,,unknown_standalone_telenet-superprestige-aardbeiencross-merksplas-15-11-2025_noloc,Men Elite,SWEECK Laurens
7.0,VAN DER HAAR Lars,10006118660,NED,BALOISE GLOWI LIONS,8.0,,Telenet Superprestige AARDBEIENCROSS-MERKSPLAS 15:11:2025,,,unknown_standalone_telenet-superprestige-aardbeiencross-merksplas-15-11-2025_noloc,Men Elite,VAN DER HAAR Lars
8.0,RONHAAR Pim,10023108212,NED,BALOISE GLOWI LIONS,10.0,,Telenet Superprestige AARDBEIENCROSS-MERKSPLAS 15:11:2025,,,unknown_standalone_telenet-superprestige-aardbeiencross-merksplas-15-11-2025_noloc,Men Elite,RONHAAR Pim
9.0,ORTS LLORET Felipe,10009004715,ESP,RIDLEY RACING TEAM,11.0,,Telenet Superprestige AARDBEIENCROSS-MERKSPLAS 15:11:2025,,,unknown_standalone_telenet-superprestige-aardbeiencross-merksplas-15-11-2025_noloc,Men Elite,ORTS LLORET Felipe
10.0,KUHN Kevin,10009746763,SUI,HEIZOMAT - CUBE,14.0,,Telenet Superprestige AARDBEIENCROSS-MERKSPLAS 15:11:2025,,,unknown_standalone_telenet-superprestige-aardbeiencross-merksplas-15-11-2025_noloc,Men Elite,KUHN Kevin
11.0,NIEUWENHUIS Joris,10008705833,NED,RIDLEY RACING TEAM,15.0,,Telenet Superprestige AARDBEIENCROSS-MERKSPLAS 15:11:2025,,,unknown_standalone_telenet-superprestige-aardbeiencross-merksplas-15-11-2025_noloc,Men Elite,NIEUWENHUIS Joris
12.0,MASON Cameron,10023574923,GBR,SEVEN RACING,18.0,,Telenet Superprestige AARDBEIENCROSS-MERKSPLAS 15:11:2025,,,unknown_standalone_telenet-superprestige-aardbeiencross-merksplas-15-11-2025_noloc,Men Elite,MASON Cameron
13.0,MICHELS Jente,10065014333,BEL,ALPECIN-DECEUNINCK DEVELOPMENT TEAM,20.0,,Telenet Superprestige AARDBEIENCROSS-MERKSPLAS 15:11:2025,,,unknown_standalone_telenet-superprestige-aardbeiencross-merksplas-15-11-2025_noloc,Men Elite,MICHELS Jente
14.0,HENDRIKX Mees,10016519484,NED,HEIZOMAT - CUBE,22.0,,Telenet Superprestige AARDBEIENCROSS-MERKSPLAS 15:11:2025,,,unknown_standalone_telenet-superprestige-aardbeiencross-merksplas-15-11-2025_noloc,Men Elite,HENDRIKX Mees
15.0,KAMP Ryan,10023356166,NED,ALPECIN-DECEUNINCK DEVELOPMENT TEAM,24.0,,Telenet Superprestige AARDBEIENCROSS-MERKSPLAS 15:11:2025,,,unknown_standalone_telenet-superprestige-aardbeiencross-merksplas-15-11-2025_noloc,Men Elite,KAMP Ryan
16.0,VANDEBOSCH Toon,10010943604,BEL,CRELAN-CORENDON,26.0,,Telenet Superprestige AARDBEIENCROSS-MERKSPLAS 15:11:2025,,,unknown_standalone_telenet-superprestige-aardbeiencross-merksplas-15-11-2025_noloc,Men Elite,VANDEBOSCH Toon
17.0,CORSUS Yordi,10065119518,BEL,PAUWELS SAUZEN - ALTEZ INDUSTRIEBOUW CT,34.0,,Telenet Superprestige AARDBEIENCROSS-MERKSPLAS 15:11:2025,,,unknown_standalone_telenet-superprestige-aardbeiencross-merksplas-15-11-2025_noloc,Men Elite,CORSUS Yordi
18.0,DE BRUYCKERE Kay,10065053638,BEL,PAUWELS SAUZEN - ALTEZ INDUSTRIEBOUW CT,35.0,,Telenet Superprestige AARDBEIENCROSS-MERKSPLAS 15:11:2025,,,unknown_standalone_telenet-superprestige-aardbeiencross-merksplas-15-11-2025_noloc,Men Elite,DE BRUYCKERE Kay
19.0,SUAREZ FERNANDEZ Kevin,10007584572,ESP,NESTA - MMR CX TEAM,37.0,,Telenet Superprestige AARDBEIENCROSS-MERKSPLAS 15:11:2025,,,unknown_standalone_telenet-superprestige-aardbeiencross-merksplas-15-11-2025_noloc,Men Elite,SUAREZ FERNANDEZ Kevin
20.0,VAN DE PUTTE Victor,10064985940,BEL,DESCHACHT-HENS CX TEAM,40.0,,Telenet Superprestige AARDBEIENCROSS-MERKSPLAS 15:11:2025,,,unknown_standalone_telenet-superprestige-aardbeiencross-merksplas-15-11-2025_noloc,Men Elite,VAN DE PUTTE Victor
21.0,MEEUSSEN Witse,10064931679,BEL,CRELAN-CORENDON,51.0,,Telenet Superprestige AARDBEIENCROSS-MERKSPLAS 15:11:2025,,,unknown_standalone_telenet-superprestige-aardbeiencross-merksplas-15-11-2025_noloc,Men Elite,MEEUSSEN Witse
22.0,HORNY Clement,10016419858,BEL,BH-WALLONIE MTB TEAM,59.0,,Telenet Superprestige AARDBEIENCROSS-MERKSPLAS 15:11:2025,,,unknown_standalone_telenet-superprestige-aardbeiencross-merksplas-15-11-2025_noloc,Men Elite,HORNY Clement
23.0,VAN LIEROP Danny,10023320093,NED,ZZPR-PARKHOTEL-ORANGE-BABIES CT,79.0,,Telenet Superprestige AARDBEIENCROSS-MERKSPLAS 15:11:2025,,,unknown_standalone_telenet-superprestige-aardbeiencross-merksplas-15-11-2025_noloc,Men Elite,VAN LIEROP Danny
24.0,MARASCO Lorenzo,10023530059,FRA,SEBMOTOBIKES CX TEAM,97.0,,Telenet Superprestige AARDBEIENCROSS-MERKSPLAS 15:11:2025,,,unknown_standalone_telenet-superprestige-aardbeiencross-merksplas-15-11-2025_noloc,Men Elite,MARASCO Lorenzo
25.0,KUYPERS Gerben,10016322757,BEL,CHARLES-LIÉGEOIS ROASTERY CX,98.0,,Telenet Superprestige AARDBEIENCROSS-MERKSPLAS 15:11:2025,,,unknown_standalone_telenet-superprestige-aardbeiencross-merksplas-15-11-2025_noloc,Men Elite,KUYPERS Gerben
26.0,FERDINANDE Anton,10016322656,BEL,SHIFTING GEARS,112.0,,Telenet Superprestige AARDBEIENCROSS-MERKSPLAS 15:11:2025,,,unknown_standalone_telenet-superprestige-aardbeiencross-merksplas-15-11-2025_noloc,Men Elite,FERDINANDE Anton
27.0,OERTZEN Max Heiner,10036147739,GER,PETER PANE NAGEL CX TEAM,119.0,,Telenet Superprestige AARDBEIENCROSS-MERKSPLAS 15:11:2025,,,unknown_standalone_telenet-superprestige-aardbeiencross-merksplas-15-11-2025_noloc,Men Elite,OERTZEN Max Heiner
28.0,OBERTEICHER Matteo,10036188458,GER,PETER PANE NAGEL CX TEAM,148.0,,Telenet Superprestige AARDBEIENCROSS-MERKSPLAS 15:11:2025,,,unknown_standalone_telenet-superprestige-aardbeiencross-merksplas-15-11-2025_noloc,Men Elite,OBERTEICHER Matteo
29.0,LOOCKX Lander,10009360884,BEL,UNIBET TIETEMA ROCKETS,149.0,,Telenet Superprestige AARDBEIENCROSS-MERKSPLAS 15:11:2025,,,unknown_standalone_telenet-superprestige-aardbeiencross-merksplas-15-11-2025_noloc,Men Elite,LOOCKX Lander
30.0,JANSSEN Wout,10064972095,BEL,CYCLIS - VAN DEN PLAS CYCLING TEAM,156.0,,Telenet Superprestige AARDBEIENCROSS-MERKSPLAS 15:11:2025,,,unknown_standalone_telenet-superprestige-aardbeiencross-merksplas-15-11-2025_noloc,Men Elite,JANSSEN Wout
31.0,DELNOIJE Remon,10022684139,NED,TWC DE KEMPEN,172.0,,Telenet Superprestige AARDBEIENCROSS-MERKSPLAS 15:11:2025,,,unknown_standalone_telenet-superprestige-aardbeiencross-merksplas-15-11-2025_noloc,Men Elite,DELNOIJE Remon
32.0,KING Carden,10065999083,USA,TRIPLE CROWN WORKSHOP,330.0,,Telenet Superprestige AARDBEIENCROSS-MERKSPLAS 15:11:2025,,,unknown_standalone_telenet-superprestige-aardbeiencross-merksplas-15-11-2025_noloc,Men Elite,KING Carden
33.0,OKAYAMA Yuta,10021324321,JPN,OLANDA BASE/WATERSLEY,385.0,,Telenet Superprestige AARDBEIENCROSS-MERKSPLAS 15:11:2025,,,unknown_standalone_telenet-superprestige-aardbeiencross-merksplas-15-11-2025_noloc,Men Elite,OKAYAMA Yuta
34.0,MEEUSEN Tom,10003341632,BEL,CYCLIS - VAN DEN PLAS CYCLING TEAM,468.0,,Telenet Superprestige AARDBEIENCROSS-MERKSPLAS 15:11:2025,,,unknown_standalone_telenet-superprestige-aardbeiencross-merksplas-15-11-2025_noloc,Men Elite,MEEUSEN Tom
35.0,RIJVERS Max,10023116090,NED,RB ZELFBOUW UCT,469.0,,Telenet Superprestige AARDBEIENCROSS-MERKSPLAS 15:11:2025,,,unknown_standalone_telenet-superprestige-aardbeiencross-merksplas-15-11-2025_noloc,Men Elite,RIJVERS Max
36.0,DAELMANS Bengt,10066080020,BEL,CYCLIS - VAN DEN PLAS CYCLING TEAM,560.0,,Telenet Superprestige AARDBEIENCROSS-MERKSPLAS 15:11:2025,,,unknown_standalone_telenet-superprestige-aardbeiencross-merksplas-15-11-2025_noloc,Men Elite,DAELMANS Bengt
37.0,VERHEYEN Thomas,10009523057,BEL,RB ZELFBOUW UCT,593.0,,Telenet Superprestige AARDBEIENCROSS-MERKSPLAS 15:11:2025,,,unknown_standalone_telenet-superprestige-aardbeiencross-merksplas-15-11-2025_noloc,Men Elite,VERHEYEN Thomas
38.0,MOURIS Michiel,10023052335,NED,ZZPR.NL-PARKHOTEL-ORANGE BABIES CT,,,Telenet Superprestige AARDBEIENCROSS-MERKSPLAS 15:11:2025,,,unknown_standalone_telenet-superprestige-aardbeiencross-merksplas-15-11-2025_noloc,Men Elite,MOURIS Michiel
39.0,MEEUSEN Lennert,10065190953,BEL,WAC TEAM VZW,,,Telenet Superprestige AARDBEIENCROSS-MERKSPLAS 15:11:2025,,,unknown_standalone_telenet-superprestige-aardbeiencross-merksplas-15-11-2025_noloc,Men Elite,MEEUSEN Lennert
40.0,DAELMANS Lars,10119457908,BEL,STARBIKES - VISTABUILD,,,Telenet Superprestige AARDBEIENCROSS-MERKSPLAS 15:11:2025,,,unknown_standalone_telenet-superprestige-aardbeiencross-merksplas-15-11-2025_noloc,Men Elite,DAELMANS Lars
1.0,VAN DER HEIJDEN Inge,10010592885,NED,CRELAN-CORENDON,3.0,,Telenet Superprestige AARDBEIENCROSS-MERKSPLAS 15:11:2025,,,unknown_standalone_telenet-superprestige-aardbeiencross-merksplas-15-11-2025_noloc,Women Elite,VAN DER HEIJDEN Inge
2.0,BRAND Lucinda,10006605680,NED,BALOISE GLOWI LIONS,1.0,,Telenet Superprestige AARDBEIENCROSS-MERKSPLAS 15:11:2025,,,unknown_standalone_telenet-superprestige-aardbeiencross-merksplas-15-11-2025_noloc,Women Elite,BRAND Lucinda
3.0,BAKKER Manon,10009521643,NED,FENIX-DECEUNINCK DEVELOPMENT TEAM,8.0,,Telenet Superprestige AARDBEIENCROSS-MERKSPLAS 15:11:2025,,,unknown_standalone_telenet-superprestige-aardbeiencross-merksplas-15-11-2025_noloc,Women Elite,BAKKER Manon
4.0,CASASOLA Sara,10010998972,ITA,FENIX-DECEUNINCK,11.0,,Telenet Superprestige AARDBEIENCROSS-MERKSPLAS 15:11:2025,,,unknown_standalone_telenet-superprestige-aardbeiencross-merksplas-15-11-2025_noloc,Women Elite,CASASOLA Sara
5.0,BENTVELD Leonie,10023336564,NED,PAUWELS SAUZEN - ALTEZ INDUSTRIEBOUW CT,12.0,,Telenet Superprestige AARDBEIENCROSS-MERKSPLAS 15:11:2025,,,unknown_standalone_telenet-superprestige-aardbeiencross-merksplas-15-11-2025_noloc,Women Elite,BENTVELD Leonie
6.0,BROUWERS Julie,10065009885,BEL,CHARLES-LIÉGEOIS ROASTERY CX,13.0,,Telenet Superprestige AARDBEIENCROSS-MERKSPLAS 15:11:2025,,,unknown_standalone_telenet-superprestige-aardbeiencross-merksplas-15-11-2025_noloc,Women Elite,BROUWERS Julie
7.0,VAN ALPHEN Aniek,10015541303,NED,SEVEN RACING,14.0,,Telenet Superprestige AARDBEIENCROSS-MERKSPLAS 15:11:2025,,,unknown_standalone_telenet-superprestige-aardbeiencross-merksplas-15-11-2025_noloc,Women Elite,VAN ALPHEN Aniek
8.0,CLAUZEL Hélène,10009876806,FRA,INDIVIDUEEL,15.0,,Telenet Superprestige AARDBEIENCROSS-MERKSPLAS 15:11:2025,,,unknown_standalone_telenet-superprestige-aardbeiencross-merksplas-15-11-2025_noloc,Women Elite,CLAUZEL Hélène
9.0,BETSEMA Denise,10007654694,NED,DE CEUSTER - BOUWPUNT,16.0,,Telenet Superprestige AARDBEIENCROSS-MERKSPLAS 15:11:2025,,,unknown_standalone_telenet-superprestige-aardbeiencross-merksplas-15-11-2025_noloc,Women Elite,BETSEMA Denise
10.0,FOUQUENET Amandine,10066772861,FRA,ARKEA - B&B HOTELS WOMAN,17.0,,Telenet Superprestige AARDBEIENCROSS-MERKSPLAS 15:11:2025,,,unknown_standalone_telenet-superprestige-aardbeiencross-merksplas-15-11-2025_noloc,Women Elite,FOUQUENET Amandine
11.0,PEETERS Jinse,10011141442,BEL,DE CEUSTER - BOUWPUNT,38.0,,Telenet Superprestige AARDBEIENCROSS-MERKSPLAS 15:11:2025,,,unknown_standalone_telenet-superprestige-aardbeiencross-merksplas-15-11-2025_noloc,Women Elite,PEETERS Jinse
12.0,KAY Anna,10015470672,GBR,ESSEC CYCLING TEAM,39.0,,Telenet Superprestige AARDBEIENCROSS-MERKSPLAS 15:11:2025,,,unknown_standalone_telenet-superprestige-aardbeiencross-merksplas-15-11-2025_noloc,Women Elite,KAY Anna
13.0,HARTOG Larissa,10022713946,NED,ORANGE BABIES CYCLING TEAM,64.0,,Telenet Superprestige AARDBEIENCROSS-MERKSPLAS 15:11:2025,,,unknown_standalone_telenet-superprestige-aardbeiencross-merksplas-15-11-2025_noloc,Women Elite,HARTOG Larissa
14.0,MOLENGRAAF Lauren,10023352126,NED,CHARLES-LIÉGEOIS ROASTERY CX,70.0,,Telenet Superprestige AARDBEIENCROSS-MERKSPLAS 15:11:2025,,,unknown_standalone_telenet-superprestige-aardbeiencross-merksplas-15-11-2025_noloc,Women Elite,MOLENGRAAF Lauren
15.0,CLAUZEL Perrine,10007703194,FRA,AS BIKE CROSS TEAM,72.0,,Telenet Superprestige AARDBEIENCROSS-MERKSPLAS 15:11:2025,,,unknown_standalone_telenet-superprestige-aardbeiencross-merksplas-15-11-2025_noloc,Women Elite,CLAUZEL Perrine
16.0,DE BEER Jamie,10155432174,NED,TWC HET SNELLE WIEL BESTRONICS,86.0,,Telenet Superprestige AARDBEIENCROSS-MERKSPLAS 15:11:2025,,,unknown_standalone_telenet-superprestige-aardbeiencross-merksplas-15-11-2025_noloc,Women Elite,DE BEER Jamie
17.0,VERVLOET Sterre,10065040807,BEL,DESCHACHT-HENS CX TEAM,105.0,,Telenet Superprestige AARDBEIENCROSS-MERKSPLAS 15:11:2025,,,unknown_standalone_telenet-superprestige-aardbeiencross-merksplas-15-11-2025_noloc,Women Elite,VERVLOET Sterre
18.0,DE SCHOESITTER Shanyl,10065150941,BEL,PAUWELS SAUZEN - ALTEZ INDUSTRIEBOUW CT,115.0,,Telenet Superprestige AARDBEIENCROSS-MERKSPLAS 15:11:2025,,,unknown_standalone_telenet-superprestige-aardbeiencross-merksplas-15-11-2025_noloc,Women Elite,DE SCHOESITTER Shanyl
19.0,MOES Noï,10023186418,NED,WV SCHIJNDEL,129.0,,Telenet Superprestige AARDBEIENCROSS-MERKSPLAS 15:11:2025,,,unknown_standalone_telenet-superprestige-aardbeiencross-merksplas-15-11-2025_noloc,Women Elite,MOES Noï
20.0,MOORS Fleur,10103395718,BEL,BALOISE GLOWI LIONS,149.0,,Telenet Superprestige AARDBEIENCROSS-MERKSPLAS 15:11:2025,,,unknown_standalone_telenet-superprestige-aardbeiencross-merksplas-15-11-2025_noloc,Women Elite,MOORS Fleur
21.0,HLADÍKOVÁ Kateřina,10047765309,CZE,BRILON RACING TEAM,175.0,,Telenet Superprestige AARDBEIENCROSS-MERKSPLAS 15:11:2025,,,unknown_standalone_telenet-superprestige-aardbeiencross-merksplas-15-11-2025_noloc,Women Elite,HLADÍKOVÁ Kateřina
22.0,SONNEMANS Sara,10023188943,NED,WV SCHIJNDEL,189.0,,Telenet Superprestige AARDBEIENCROSS-MERKSPLAS 15:11:2025,,,unknown_standalone_telenet-superprestige-aardbeiencross-merksplas-15-11-2025_noloc,Women Elite,SONNEMANS Sara
23.0,WENZEL Liv,10035000513,LUX,HESS CYCLING TEAM,197.0,,Telenet Superprestige AARDBEIENCROSS-MERKSPLAS 15:11:2025,,,unknown_standalone_telenet-superprestige-aardbeiencross-merksplas-15-11-2025_noloc,Women Elite,WENZEL Liv
24.0,DE RAEDEMAEKER Alexe,10099080329,BEL,ESSEC CYCLING TEAM,279.0,,Telenet Superprestige AARDBEIENCROSS-MERKSPLAS 15:11:2025,,,unknown_standalone_telenet-superprestige-aardbeiencross-merksplas-15-11-2025_noloc,Women Elite,DE RAEDEMAEKER Alexe
25.0,BAELE Lotte,10075241567,BEL,DE CEUSTER - BOUWPUNT,303.0,,Telenet Superprestige AARDBEIENCROSS-MERKSPLAS 15:11:2025,,,unknown_standalone_telenet-superprestige-aardbeiencross-merksplas-15-11-2025_noloc,Women Elite,BAELE Lotte
26.0,HOEFMANS Pem,10023153375,NED,WATERSLEY R D CYCLING TEAM,443.0,,Telenet Superprestige AARDBEIENCROSS-MERKSPLAS 15:11:2025,,,unknown_standalone_telenet-superprestige-aardbeiencross-merksplas-15-11-2025_noloc,Women Elite,HOEFMANS Pem
27.0,MOS Anniek,10085934203,NED,WSV DE PEDDELAARS,478.0,,Telenet Superprestige AARDBEIENCROSS-MERKSPLAS 15:11:2025,,,unknown_standalone_telenet-superprestige-aardbeiencross-merksplas-15-11-2025_noloc,Women Elite,MOS Anniek
28.0,SEYNAVE Ilken,10065162964,BEL,DESCHACHT-HENS CX TEAM,539.0,,Telenet Superprestige AARDBEIENCROSS-MERKSPLAS 15:11:2025,,,unknown_standalone_telenet-superprestige-aardbeiencross-merksplas-15-11-2025_noloc,Women Elite,SEYNAVE Ilken
29.0,BLIECK Phebe,10070890715,BEL,ACROG-TORMANS,584.0,,Telenet Superprestige AARDBEIENCROSS-MERKSPLAS 15:11:2025,,,unknown_standalone_telenet-superprestige-aardbeiencross-merksplas-15-11-2025_noloc,Women Elite,BLIECK Phebe
30.0,SCHOLLAERT Shanaya Esther,10108561168,BEL,BALOISE MINIMAX WB LADIES,706.0,,Telenet Superprestige AARDBEIENCROSS-MERKSPLAS 15:11:2025,,,unknown_standalone_telenet-superprestige-aardbeiencross-merksplas-15-11-2025_noloc,Women Elite,SCHOLLAERT Shanaya Esther
31.0,VISSENBERG Febe,10086541663,BEL,WOUTIM-DEXTERS SPORT,748.0,,Telenet Superprestige AARDBEIENCROSS-MERKSPLAS 15:11:2025,,,unknown_standalone_telenet-superprestige-aardbeiencross-merksplas-15-11-2025_noloc,Women Elite,VISSENBERG Febe
32.0,BAS Selena,10023192478,NED,ACROG-TORMANS,800.0,,Telenet Superprestige AARDBEIENCROSS-MERKSPLAS 15:11:2025,,,unknown_standalone_telenet-superprestige-aardbeiencross-merksplas-15-11-2025_noloc,Women Elite,BAS Selena
33.0,LEYSSENS Mart,10065253496,BEL,ACROG-TORMANS,810.0,,Telenet Superprestige AARDBEIENCROSS-MERKSPLAS 15:11:2025,,,unknown_standalone_telenet-superprestige-aardbeiencross-merksplas-15-11-2025_noloc,Women Elite,LEYSSENS Mart
34.0,CROUX Bieke,10128526600,BEL,RK CYCLING TEAM,,,Telenet Superprestige AARDBEIENCROSS-MERKSPLAS 15:11:2025,,,unknown_standalone_telenet-superprestige-aardbeiencross-merksplas-15-11-2025_noloc,Women Elite,CROUX Bieke
35.0,DE CUYPER Emily,10098755983,BEL,SUPER HELP - EVIL EYE,,,Telenet Superprestige AARDBEIENCROSS-MERKSPLAS 15:11:2025,,,unknown_standalone_telenet-superprestige-aardbeiencross-merksplas-15-11-2025_noloc,Women Elite,DE CUYPER Emily
36.0,COPPELMANS Fenny,10023203390,NED,TALENT CYCLING,,,Telenet Superprestige AARDBEIENCROSS-MERKSPLAS 15:11:2025,,,unknown_standalone_telenet-superprestige-aardbeiencross-merksplas-15-11-2025_noloc,Women Elite,COPPELMANS Fenny
37.0,KOOREMANS Britt,10148782119,BEL,KEUKENS REDANT CYCLING TEAM,,,Telenet Superprestige AARDBEIENCROSS-MERKSPLAS 15:11:2025,,,unknown_standalone_telenet-superprestige-aardbeiencross-merksplas-15-11-2025_noloc,Women Elite,KOOREMANS Britt
38.0,POLFLIET Alana,10115279834,BEL,NEVER GIVE UP BY JOLIEN VERSCHUEREN,,,Telenet Superprestige AARDBEIENCROSS-MERKSPLAS 15:11:2025,,,unknown_standalone_telenet-superprestige-aardbeiencross-merksplas-15-11-2025_noloc,Women Elite,POLFLIET Alana
39.0,LENFERINK Femke,10107712622,NED,AWV DE ZWALUWEN,,,Telenet Superprestige AARDBEIENCROSS-MERKSPLAS 15:11:2025,,,unknown_standalone_telenet-superprestige-aardbeiencross-merksplas-15-11-2025_noloc,Women Elite,LENFERINK Femke
40.0,PARTHOENS Yana,10135754817,BEL,VELOPRO - ALPHAMOTORHOMES,,,Telenet Superprestige AARDBEIENCROSS-MERKSPLAS 15:11:2025,,,unknown_standalone_telenet-superprestige-aardbeiencross-merksplas-15-11-2025_noloc,Women Elite,PARTHOENS Yana
41.0,BUURMEIJER Mirthe,10069095912,NED,WSV DE PEDDELAARS,,,Telenet Superprestige AARDBEIENCROSS-MERKSPLAS 15:11:2025,,,unknown_standalone_telenet-superprestige-aardbeiencross-merksplas-15-11-2025_noloc,Women Elite,BUURMEIJER Mirthe
1.0,SVOBODA David,10047109850,CZE,BRILON RACING TEAM MB,13.0,,X2O BADKAMERS TROFEE RECTAVIT-FLANDRIENCROSS-HAMME 16:11:2025,,,unknown_standalone_x2o-badkamers-trofee-rectavit-flandriencross-hamme-16-11-2025_noloc,,SVOBODA David
2.0,HEEREN Delano,10045767311,NED,ACROG TORMANS,18.0,,X2O BADKAMERS TROFEE RECTAVIT-FLANDRIENCROSS-HAMME 16:11:2025,,,unknown_standalone_x2o-badkamers-trofee-rectavit-flandriencross-hamme-16-11-2025_noloc,,HEEREN Delano
3.0,LIPPENS Brent,10106047656,BEL,C.T. KEUKENS BUYSSE KNESSELARE VZW,27.0,,X2O BADKAMERS TROFEE RECTAVIT-FLANDRIENCROSS-HAMME 16:11:2025,,,unknown_standalone_x2o-badkamers-trofee-rectavit-flandriencross-hamme-16-11-2025_noloc,,LIPPENS Brent
4.0,VAN LEE Jari,10065219649,BEL,BIOMETRIC - CANYON CT,28.0,,X2O BADKAMERS TROFEE RECTAVIT-FLANDRIENCROSS-HAMME 16:11:2025,,,unknown_standalone_x2o-badkamers-trofee-rectavit-flandriencross-hamme-16-11-2025_noloc,,VAN LEE Jari
5.0,OSAER Emiel,10074876708,BEL,STARBIKES - VISTABUILD,36.0,,X2O BADKAMERS TROFEE RECTAVIT-FLANDRIENCROSS-HAMME 16:11:2025,,,unknown_standalone_x2o-badkamers-trofee-rectavit-flandriencross-hamme-16-11-2025_noloc,,OSAER Emiel
6.0,SMITS Maxime,10108174380,BEL,ACROG-TORMANS,58.0,,X2O BADKAMERS TROFEE RECTAVIT-FLANDRIENCROSS-HAMME 16:11:2025,,,unknown_standalone_x2o-badkamers-trofee-rectavit-flandriencross-hamme-16-11-2025_noloc,,SMITS Maxime
7.0,VAN HOOF Kai,10059748041,NED,TWC HET SNELLE WIEL,61.0,,X2O BADKAMERS TROFEE RECTAVIT-FLANDRIENCROSS-HAMME 16:11:2025,,,unknown_standalone_x2o-badkamers-trofee-rectavit-flandriencross-hamme-16-11-2025_noloc,,VAN HOOF Kai
8.0,DE PEUTER Toon,10065230763,BEL,UCT CYCLING TEAM,62.0,,X2O BADKAMERS TROFEE RECTAVIT-FLANDRIENCROSS-HAMME 16:11:2025,,,unknown_standalone_x2o-badkamers-trofee-rectavit-flandriencross-hamme-16-11-2025_noloc,,DE PEUTER Toon
9.0,JANSSENS Arthur,10065223588,BEL,GOLAZO YOUNG LIONS,69.0,,X2O BADKAMERS TROFEE RECTAVIT-FLANDRIENCROSS-HAMME 16:11:2025,,,unknown_standalone_x2o-badkamers-trofee-rectavit-flandriencross-hamme-16-11-2025_noloc,,JANSSENS Arthur
10.0,DECLERCQ Matteo,10085069788,BEL,"WIELERCLUB ""ONDER - ONS PARIKE"" VZW",80.0,,X2O BADKAMERS TROFEE RECTAVIT-FLANDRIENCROSS-HAMME 16:11:2025,,,unknown_standalone_x2o-badkamers-trofee-rectavit-flandriencross-hamme-16-11-2025_noloc,,DECLERCQ Matteo
11.0,SPRANGERS Seppe,10112980631,BEL,ACROG-TORMANS,84.0,,X2O BADKAMERS TROFEE RECTAVIT-FLANDRIENCROSS-HAMME 16:11:2025,,,unknown_standalone_x2o-badkamers-trofee-rectavit-flandriencross-hamme-16-11-2025_noloc,,SPRANGERS Seppe
12.0,BEETGE Tanner,10147572548,GBR,DONOVAN RACING DEVELOPMENT,100.0,,X2O BADKAMERS TROFEE RECTAVIT-FLANDRIENCROSS-HAMME 16:11:2025,,,unknown_standalone_x2o-badkamers-trofee-rectavit-flandriencross-hamme-16-11-2025_noloc,,BEETGE Tanner
13.0,ROIJACKERS Matt,10096529532,NED,ZZPR ORANGE BABIES CYCLING TEAM,109.0,,X2O BADKAMERS TROFEE RECTAVIT-FLANDRIENCROSS-HAMME 16:11:2025,,,unknown_standalone_x2o-badkamers-trofee-rectavit-flandriencross-hamme-16-11-2025_noloc,,ROIJACKERS Matt
14.0,GEERTS Len,10077916848,BEL,WAC TEAM VZW,119.0,,X2O BADKAMERS TROFEE RECTAVIT-FLANDRIENCROSS-HAMME 16:11:2025,,,unknown_standalone_x2o-badkamers-trofee-rectavit-flandriencross-hamme-16-11-2025_noloc,,GEERTS Len
15.0,MAENEN Dani,10138428276,BEL,BFY CYCLINGTEAM,132.0,,X2O BADKAMERS TROFEE RECTAVIT-FLANDRIENCROSS-HAMME 16:11:2025,,,unknown_standalone_x2o-badkamers-trofee-rectavit-flandriencross-hamme-16-11-2025_noloc,,MAENEN Dani
16.0,RENDERS Luca,10125887186,BEL,4BIKES WESTFIT,147.0,,X2O BADKAMERS TROFEE RECTAVIT-FLANDRIENCROSS-HAMME 16:11:2025,,,unknown_standalone_x2o-badkamers-trofee-rectavit-flandriencross-hamme-16-11-2025_noloc,,RENDERS Luca
17.0,ROELS Dima,10105306921,BEL,"WIELERCLUB ""ONDER - ONS PARIKE"" VZW",188.0,,X2O BADKAMERS TROFEE RECTAVIT-FLANDRIENCROSS-HAMME 16:11:2025,,,unknown_standalone_x2o-badkamers-trofee-rectavit-flandriencross-hamme-16-11-2025_noloc,,ROELS Dima
18.0,ROELANDT Alessio,10085607029,BEL,ACROG-TORMANS,190.0,,X2O BADKAMERS TROFEE RECTAVIT-FLANDRIENCROSS-HAMME 16:11:2025,,,unknown_standalone_x2o-badkamers-trofee-rectavit-flandriencross-hamme-16-11-2025_noloc,,ROELANDT Alessio
19.0,DE BOIS Nand,10073621970,BEL,GMS CYCLING TEAM GLABBEEK,215.0,,X2O BADKAMERS TROFEE RECTAVIT-FLANDRIENCROSS-HAMME 16:11:2025,,,unknown_standalone_x2o-badkamers-trofee-rectavit-flandriencross-hamme-16-11-2025_noloc,,DE BOIS Nand
20.0,DIJKMAN Sven,10087653426,NED,DE PEDDELAARS,242.0,,X2O BADKAMERS TROFEE RECTAVIT-FLANDRIENCROSS-HAMME 16:11:2025,,,unknown_standalone_x2o-badkamers-trofee-rectavit-flandriencross-hamme-16-11-2025_noloc,,DIJKMAN Sven
21.0,VAN HOECK Sam,10077885021,BEL,WAC TEAM VZW,249.0,,X2O BADKAMERS TROFEE RECTAVIT-FLANDRIENCROSS-HAMME 16:11:2025,,,unknown_standalone_x2o-badkamers-trofee-rectavit-flandriencross-hamme-16-11-2025_noloc,,VAN HOECK Sam
22.0,GEENS Matiz,10065251274,BEL,WOUTIM-DEXTERS SPORT,255.0,,X2O BADKAMERS TROFEE RECTAVIT-FLANDRIENCROSS-HAMME 16:11:2025,,,unknown_standalone_x2o-badkamers-trofee-rectavit-flandriencross-hamme-16-11-2025_noloc,,GEENS Matiz
23.0,DE LOOSE Senne,10071751890,BEL,AVIA-RUDYCO CYCLING TEAM,261.0,,X2O BADKAMERS TROFEE RECTAVIT-FLANDRIENCROSS-HAMME 16:11:2025,,,unknown_standalone_x2o-badkamers-trofee-rectavit-flandriencross-hamme-16-11-2025_noloc,,DE LOOSE Senne
24.0,VANHOUDT Kobe,10065236221,BEL,CRABBÉ-DSTNY,,,X2O BADKAMERS TROFEE RECTAVIT-FLANDRIENCROSS-HAMME 16:11:2025,,,unknown_standalone_x2o-badkamers-trofee-rectavit-flandriencross-hamme-16-11-2025_noloc,,VANHOUDT Kobe
25.0,VAN RAEMDONCK Daan,10072115541,BEL,AVIA-RUDYCO CYCLING TEAM,,,X2O BADKAMERS TROFEE RECTAVIT-FLANDRIENCROSS-HAMME 16:11:2025,,,unknown_standalone_x2o-badkamers-trofee-rectavit-flandriencross-hamme-16-11-2025_noloc,,VAN RAEMDONCK Daan
26.0,VERVAET Kobe,10130964936,BEL,AVIA-RUDYCO CYCLING TEAM,,,X2O BADKAMERS TROFEE RECTAVIT-FLANDRIENCROSS-HAMME 16:11:2025,,,unknown_standalone_x2o-badkamers-trofee-rectavit-flandriencross-hamme-16-11-2025_noloc,,VERVAET Kobe
27.0,VAN BELLEGHEM Thibault,10065245820,BEL,KON. VC ´T MEETJESLAND - KNESSELARE,,,X2O BADKAMERS TROFEE RECTAVIT-FLANDRIENCROSS-HAMME 16:11:2025,,,unknown_standalone_x2o-badkamers-trofee-rectavit-flandriencross-hamme-16-11-2025_noloc,,VAN BELLEGHEM Thibault
28.0,SMET Maurits,10107750109,BEL,AVIA-RUDYCO CYCLING TEAM,,,X2O BADKAMERS TROFEE RECTAVIT-FLANDRIENCROSS-HAMME 16:11:2025,,,unknown_standalone_x2o-badkamers-trofee-rectavit-flandriencross-hamme-16-11-2025_noloc,,SMET Maurits
29.0,VAN VRACEM Robbe,10126379159,BEL,ANTWERP CYCLING TEAM KONTICH,,,X2O BADKAMERS TROFEE RECTAVIT-FLANDRIENCROSS-HAMME 16:11:2025,,,unknown_standalone_x2o-badkamers-trofee-rectavit-flandriencross-hamme-16-11-2025_noloc,,VAN VRACEM Robbe
30.0,GEENS Lowie,10073065535,BEL,"WIELERCLUB ""ONDER - ONS PARIKE"" VZW",,,X2O BADKAMERS TROFEE RECTAVIT-FLANDRIENCROSS-HAMME 16:11:2025,,,unknown_standalone_x2o-badkamers-trofee-rectavit-flandriencross-hamme-16-11-2025_noloc,,GEENS Lowie
31.0,GYSEN Quinten,10120003128,BEL,AVIA-RUDYCO CYCLING TEAM,,,X2O BADKAMERS TROFEE RECTAVIT-FLANDRIENCROSS-HAMME 16:11:2025,,,unknown_standalone_x2o-badkamers-trofee-rectavit-flandriencross-hamme-16-11-2025_noloc,,GYSEN Quinten
32.0,STEVENS Thibau,10065229652,BEL,AVIA-RUDYCO CYCLING TEAM,,,X2O BADKAMERS TROFEE RECTAVIT-FLANDRIENCROSS-HAMME 16:11:2025,,,unknown_standalone_x2o-badkamers-trofee-rectavit-flandriencross-hamme-16-11-2025_noloc,,STEVENS Thibau
33.0,PAUWELS Jonas,10065254712,BEL,ACROG-TORMANS,,,X2O BADKAMERS TROFEE RECTAVIT-FLANDRIENCROSS-HAMME 16:11:2025,,,unknown_standalone_x2o-badkamers-trofee-rectavit-flandriencross-hamme-16-11-2025_noloc,,PAUWELS Jonas
34.0,POPPE Flo,10088342429,BEL,GOLAZO YOUNG LIONS,,,X2O BADKAMERS TROFEE RECTAVIT-FLANDRIENCROSS-HAMME 16:11:2025,,,unknown_standalone_x2o-badkamers-trofee-rectavit-flandriencross-hamme-16-11-2025_noloc,,POPPE Flo
35.0,AERTS Torben,10065215407,BEL,TEAM KEMPEN CYCLING VZW,,,X2O BADKAMERS TROFEE RECTAVIT-FLANDRIENCROSS-HAMME 16:11:2025,,,unknown_standalone_x2o-badkamers-trofee-rectavit-flandriencross-hamme-16-11-2025_noloc,,AERTS Torben
36.0,DEROYE Yorbe,10111628186,BEL,CRABBÉ-DSTNY,,,X2O BADKAMERS TROFEE RECTAVIT-FLANDRIENCROSS-HAMME 16:11:2025,,,unknown_standalone_x2o-badkamers-trofee-rectavit-flandriencross-hamme-16-11-2025_noloc,,DEROYE Yorbe
37.0,DE GRAUWE Jairo,10094315912,BEL,AVIA-RUDYCO CYCLING TEAM,,,X2O BADKAMERS TROFEE RECTAVIT-FLANDRIENCROSS-HAMME 16:11:2025,,,unknown_standalone_x2o-badkamers-trofee-rectavit-flandriencross-hamme-16-11-2025_noloc,,DE GRAUWE Jairo
38.0,VAN DYCK Robbe,10101947889,BEL,ANTWERP CYCLING TEAM KONTICH,,,X2O BADKAMERS TROFEE RECTAVIT-FLANDRIENCROSS-HAMME 16:11:2025,,,unknown_standalone_x2o-badkamers-trofee-rectavit-flandriencross-hamme-16-11-2025_noloc,,VAN DYCK Robbe
39.0,WILSSENS Laurens,10065247537,BEL,WAC TEAM VZW,,,X2O BADKAMERS TROFEE RECTAVIT-FLANDRIENCROSS-HAMME 16:11:2025,,,unknown_standalone_x2o-badkamers-trofee-rectavit-flandriencross-hamme-16-11-2025_noloc,,WILSSENS Laurens
40.0,BEELS Finn,10125904869,BEL,HOTOND SPORTHOTEL-LITUBRA PARKET-WT WAREGEM,,,X2O BADKAMERS TROFEE RECTAVIT-FLANDRIENCROSS-HAMME 16:11:2025,,,unknown_standalone_x2o-badkamers-trofee-rectavit-flandriencross-hamme-16-11-2025_noloc,,BEELS Finn
41.0,WAUTELET Grégoire,10147749067,BEL,KZLWC - AE,,,X2O BADKAMERS TROFEE RECTAVIT-FLANDRIENCROSS-HAMME 16:11:2025,,,unknown_standalone_x2o-badkamers-trofee-rectavit-flandriencross-hamme-16-11-2025_noloc,,WAUTELET Grégoire
42.0,VERHEUGHE Emilien,10109751743,BEL,"WIELERCLUB ""ONDER - ONS PARIKE"" VZW",,,X2O BADKAMERS TROFEE RECTAVIT-FLANDRIENCROSS-HAMME 16:11:2025,,,unknown_standalone_x2o-badkamers-trofee-rectavit-flandriencross-hamme-16-11-2025_noloc,,VERHEUGHE Emilien
43.0,TAZELAAR Maike,10023170250,NED,ZRTC THEO MIDDELKAMP,,,X2O BADKAMERS TROFEE RECTAVIT-FLANDRIENCROSS-HAMME 16:11:2025,,,unknown_standalone_x2o-badkamers-trofee-rectavit-flandriencross-hamme-16-11-2025_noloc,,TAZELAAR Maike
44.0,VAN HEMELRIJK Joren,10109587954,BEL,"WIELERCLUB ""ONDER - ONS PARIKE"" VZW",,,X2O BADKAMERS TROFEE RECTAVIT-FLANDRIENCROSS-HAMME 16:11:2025,,,unknown_standalone_x2o-badkamers-trofee-rectavit-flandriencross-hamme-16-11-2025_noloc,,VAN HEMELRIJK Joren
45.0,DE NEEF Jens,10158147871,BEL,VAN MOER LOGISTICS CYCLING TEAM,,,X2O BADKAMERS TROFEE RECTAVIT-FLANDRIENCROSS-HAMME 16:11:2025,,,unknown_standalone_x2o-badkamers-trofee-rectavit-flandriencross-hamme-16-11-2025_noloc,,DE NEEF Jens
46.0,DE CLERCK Miel,10065231268,BEL,VAN MOER LOGISTICS CYCLING TEAM,,,X2O BADKAMERS TROFEE RECTAVIT-FLANDRIENCROSS-HAMME 16:11:2025,,,unknown_standalone_x2o-badkamers-trofee-rectavit-flandriencross-hamme-16-11-2025_noloc,,DE CLERCK Miel
47.0,GROENEVELD Darian,10062936109,NED,Individueel,,,X2O BADKAMERS TROFEE RECTAVIT-FLANDRIENCROSS-HAMME 16:11:2025,,,unknown_standalone_x2o-badkamers-trofee-rectavit-flandriencross-hamme-16-11-2025_noloc,,GROENEVELD Darian
48.0,DEGEZELLE Lars,10119293816,BEL,THE LEAD OUT CYCLING ACADEMY,,,X2O BADKAMERS TROFEE RECTAVIT-FLANDRIENCROSS-HAMME 16:11:2025,,,unknown_standalone_x2o-badkamers-trofee-rectavit-flandriencross-hamme-16-11-2025_noloc,,DEGEZELLE Lars
49.0,HAMERLINCK Jasper,10123071661,BEL,SPORT EN MOEDIG GENK,,,X2O BADKAMERS TROFEE RECTAVIT-FLANDRIENCROSS-HAMME 16:11:2025,,,unknown_standalone_x2o-badkamers-trofee-rectavit-flandriencross-hamme-16-11-2025_noloc,,HAMERLINCK Jasper
50.0,VANDEKERKHOVE Clément,10138322889,FRA,ECV BOULZICOURT,,,X2O BADKAMERS TROFEE RECTAVIT-FLANDRIENCROSS-HAMME 16:11:2025,,,unknown_standalone_x2o-badkamers-trofee-rectavit-flandriencross-hamme-16-11-2025_noloc,,VANDEKERKHOVE Clément
51.0,DEGEZELLE Niels,10122623845,BEL,THE LEAD OUT CYCLING ACADEMY,,,X2O BADKAMERS TROFEE RECTAVIT-FLANDRIENCROSS-HAMME 16:11:2025,,,unknown_standalone_x2o-badkamers-trofee-rectavit-flandriencross-hamme-16-11-2025_noloc,,DEGEZELLE Niels
52.0,GOOSSENAERTS Sebastiaan,10099362841,BEL,ANTWERP CYCLING TEAM KONTICH,,,X2O BADKAMERS TROFEE RECTAVIT-FLANDRIENCROSS-HAMME 16:11:2025,,,unknown_standalone_x2o-badkamers-trofee-rectavit-flandriencross-hamme-16-11-2025_noloc,,GOOSSENAERTS Sebastiaan
53.0,VAN MALDEREN Robbe,10089093268,BEL,NOW CYCLING TEAM,,,X2O BADKAMERS TROFEE RECTAVIT-FLANDRIENCROSS-HAMME 16:11:2025,,,unknown_standalone_x2o-badkamers-trofee-rectavit-flandriencross-hamme-16-11-2025_noloc,,VAN MALDEREN Robbe
,1 van 4,,,,,,X2O BADKAMERS TROFEE RECTAVIT-FLANDRIENCROSS-HAMME 16:11:2025,,,unknown_standalone_x2o-badkamers-trofee-rectavit-flandriencross-hamme-16-11-2025_noloc,,1 van 4
1.0,CORSUS Yordi,10065119518,BEL,PAUWELS SAUZEN - ALTEZ INDUSTRIEBOUW CT,34.0,,X2O BADKAMERS TROFEE RECTAVIT-FLANDRIENCROSS-HAMME 16:11:2025,,,unknown_standalone_x2o-badkamers-trofee-rectavit-flandriencross-hamme-16-11-2025_noloc,,CORSUS Yordi
2.0,DE BRUYCKERE Kay,10065053638,BEL,PAUWELS SAUZEN - ALTEZ INDUSTRIEBOUW CT,35.0,,X2O BADKAMERS TROFEE RECTAVIT-FLANDRIENCROSS-HAMME 16:11:2025,,,unknown_standalone_x2o-badkamers-trofee-rectavit-flandriencross-hamme-16-11-2025_noloc,,DE BRUYCKERE Kay
3.0,VIEZZI Stefano,10030893975,ITA,ALPECIN DECEUNINCK DEVELOPMENT TEAM,38.0,,X2O BADKAMERS TROFEE RECTAVIT-FLANDRIENCROSS-HAMME 16:11:2025,,,unknown_standalone_x2o-badkamers-trofee-rectavit-flandriencross-hamme-16-11-2025_noloc,,VIEZZI Stefano
4.0,VAN DEN EIJNDEN Guus,10022787405,NED,ALPECIN-DECEUNINCK DEVELOPMENT TEAM,53.0,,X2O BADKAMERS TROFEE RECTAVIT-FLANDRIENCROSS-HAMME 16:11:2025,,,unknown_standalone_x2o-badkamers-trofee-rectavit-flandriencross-hamme-16-11-2025_noloc,,VAN DEN EIJNDEN Guus
5.0,VAS Barnabás,10023656462,HUN,MBH COLDPACK BALLAN,60.0,,X2O BADKAMERS TROFEE RECTAVIT-FLANDRIENCROSS-HAMME 16:11:2025,,,unknown_standalone_x2o-badkamers-trofee-rectavit-flandriencross-hamme-16-11-2025_noloc,,VAS Barnabás
6.0,DE MOYER Kenay,10065066065,BEL,PAUWELS SAUZEN - ALTEZ INDUSTRIEBOUW CT,70.0,,X2O BADKAMERS TROFEE RECTAVIT-FLANDRIENCROSS-HAMME 16:11:2025,,,unknown_standalone_x2o-badkamers-trofee-rectavit-flandriencross-hamme-16-11-2025_noloc,,DE MOYER Kenay
7.0,VANDENBERGHE Viktor,10087960489,BEL,PAUWELS SAUZEN - ALTEZ INDUSTRIEBOUW CT,75.0,,X2O BADKAMERS TROFEE RECTAVIT-FLANDRIENCROSS-HAMME 16:11:2025,,,unknown_standalone_x2o-badkamers-trofee-rectavit-flandriencross-hamme-16-11-2025_noloc,,VANDENBERGHE Viktor
8.0,DE BRAUWERE Sil,10090915050,BEL,PAUWELS SAUZEN - ALTEZ INDUSTRIEBOUW CT,99.0,,X2O BADKAMERS TROFEE RECTAVIT-FLANDRIENCROSS-HAMME 16:11:2025,,,unknown_standalone_x2o-badkamers-trofee-rectavit-flandriencross-hamme-16-11-2025_noloc,,DE BRAUWERE Sil
9.0,OERTZEN Max Heiner,10036147739,GER,PETER PANE NAGEL CX TEAM,119.0,,X2O BADKAMERS TROFEE RECTAVIT-FLANDRIENCROSS-HAMME 16:11:2025,,,unknown_standalone_x2o-badkamers-trofee-rectavit-flandriencross-hamme-16-11-2025_noloc,,OERTZEN Max Heiner
10.0,GEVAERT Miles,10065066671,BEL,TOMABEL-INOFEC CYCLINGTEAM,126.0,,X2O BADKAMERS TROFEE RECTAVIT-FLANDRIENCROSS-HAMME 16:11:2025,,,unknown_standalone_x2o-badkamers-trofee-rectavit-flandriencross-hamme-16-11-2025_noloc,,GEVAERT Miles
11.0,VAN GRIEKEN Stan,10065097488,BEL,STAGECO CYCLING TEAM,179.0,,X2O BADKAMERS TROFEE RECTAVIT-FLANDRIENCROSS-HAMME 16:11:2025,,,unknown_standalone_x2o-badkamers-trofee-rectavit-flandriencross-hamme-16-11-2025_noloc,,VAN GRIEKEN Stan
12.0,JAMIN Antoine,10064271877,BEL,BH-WALLONIE MTB TEAM,180.0,,X2O BADKAMERS TROFEE RECTAVIT-FLANDRIENCROSS-HAMME 16:11:2025,,,unknown_standalone_x2o-badkamers-trofee-rectavit-flandriencross-hamme-16-11-2025_noloc,,JAMIN Antoine
13.0,BOSSAERTS Senn,10065148719,BEL,CYCLIS - VAN DEN PLAS CYCLING TEAM,227.0,,X2O BADKAMERS TROFEE RECTAVIT-FLANDRIENCROSS-HAMME 16:11:2025,,,unknown_standalone_x2o-badkamers-trofee-rectavit-flandriencross-hamme-16-11-2025_noloc,,BOSSAERTS Senn
14.0,HAVERDINGS Floris,10049010646,NED,METEOOR ASSEN RODEN,282.0,,X2O BADKAMERS TROFEE RECTAVIT-FLANDRIENCROSS-HAMME 16:11:2025,,,unknown_standalone_x2o-badkamers-trofee-rectavit-flandriencross-hamme-16-11-2025_noloc,,HAVERDINGS Floris
15.0,SPRANGERS Bram,10065106784,BEL,VAN GORP PROJECTS - CT ZANDHOVEN,326.0,,X2O BADKAMERS TROFEE RECTAVIT-FLANDRIENCROSS-HAMME 16:11:2025,,,unknown_standalone_x2o-badkamers-trofee-rectavit-flandriencross-hamme-16-11-2025_noloc,,SPRANGERS Bram
16.0,KING Carden,10065999083,USA,TRIPLE CROWN WORKSHOP,330.0,,X2O BADKAMERS TROFEE RECTAVIT-FLANDRIENCROSS-HAMME 16:11:2025,,,unknown_standalone_x2o-badkamers-trofee-rectavit-flandriencross-hamme-16-11-2025_noloc,,KING Carden
17.0,VANHOUDT Yoren,10065141039,BEL,CYCLIS - VAN DEN PLAS CYCLING TEAM,368.0,,X2O BADKAMERS TROFEE RECTAVIT-FLANDRIENCROSS-HAMME 16:11:2025,,,unknown_standalone_x2o-badkamers-trofee-rectavit-flandriencross-hamme-16-11-2025_noloc,,VANHOUDT Yoren
18.0,JOCHEMS Jelte,10023351015,NED,MBC BAR END,369.0,,X2O BADKAMERS TROFEE RECTAVIT-FLANDRIENCROSS-HAMME 16:11:2025,,,unknown_standalone_x2o-badkamers-trofee-rectavit-flandriencross-hamme-16-11-2025_noloc,,JOCHEMS Jelte
19.0,LAENEN Ryan,10065187115,BEL,FIETSSERVICE-MONDRAKER TEAM,520.0,,X2O BADKAMERS TROFEE RECTAVIT-FLANDRIENCROSS-HAMME 16:11:2025,,,unknown_standalone_x2o-badkamers-trofee-rectavit-flandriencross-hamme-16-11-2025_noloc,,LAENEN Ryan
20.0,NUYENS Wies,10065092640,BEL,PAUWELS SAUZEN - ALTEZ INDUSTRIEBOUW CT,531.0,,X2O BADKAMERS TROFEE RECTAVIT-FLANDRIENCROSS-HAMME 16:11:2025,,,unknown_standalone_x2o-badkamers-trofee-rectavit-flandriencross-hamme-16-11-2025_noloc,,NUYENS Wies
21.0,MAES Fabian,10065152961,BEL,CYCLIS - VAN DEN PLAS CYCLING TEAM,533.0,,X2O BADKAMERS TROFEE RECTAVIT-FLANDRIENCROSS-HAMME 16:11:2025,,,unknown_standalone_x2o-badkamers-trofee-rectavit-flandriencross-hamme-16-11-2025_noloc,,MAES Fabian
22.0,DAELMANS Bengt,10066080020,BEL,CYCLIS - VAN DEN PLAS CYCLING TEAM,560.0,,X2O BADKAMERS TROFEE RECTAVIT-FLANDRIENCROSS-HAMME 16:11:2025,,,unknown_standalone_x2o-badkamers-trofee-rectavit-flandriencross-hamme-16-11-2025_noloc,,DAELMANS Bengt
23.0,JACOBS Lennes,10065203885,BEL,WAC TEAM VZW,598.0,,X2O BADKAMERS TROFEE RECTAVIT-FLANDRIENCROSS-HAMME 16:11:2025,,,unknown_standalone_x2o-badkamers-trofee-rectavit-flandriencross-hamme-16-11-2025_noloc,,JACOBS Lennes
24.0,WESTOVER Finn,10099268972,USA,TEAM BOOGER,612.0,,X2O BADKAMERS TROFEE RECTAVIT-FLANDRIENCROSS-HAMME 16:11:2025,,,unknown_standalone_x2o-badkamers-trofee-rectavit-flandriencross-hamme-16-11-2025_noloc,,WESTOVER Finn
25.0,HEIRBAUT Toon,10065094256,BEL,DCR CYCLING TEAM,639.0,,X2O BADKAMERS TROFEE RECTAVIT-FLANDRIENCROSS-HAMME 16:11:2025,,,unknown_standalone_x2o-badkamers-trofee-rectavit-flandriencross-hamme-16-11-2025_noloc,,HEIRBAUT Toon
26.0,MARCHAND Robbe,10089840976,BEL,DESCHACHT-HENS CX TEAM,640.0,,X2O BADKAMERS TROFEE RECTAVIT-FLANDRIENCROSS-HAMME 16:11:2025,,,unknown_standalone_x2o-badkamers-trofee-rectavit-flandriencross-hamme-16-11-2025_noloc,,MARCHAND Robbe
27.0,LOSFELD Louis,10091517056,BEL,TRUSTUP-CC CHEVIGNY,643.0,,X2O BADKAMERS TROFEE RECTAVIT-FLANDRIENCROSS-HAMME 16:11:2025,,,unknown_standalone_x2o-badkamers-trofee-rectavit-flandriencross-hamme-16-11-2025_noloc,,LOSFELD Louis
28.0,VAN DEN BOER Arthur,10099256343,BEL,BALOISE GLOWI LIONS,653.0,,X2O BADKAMERS TROFEE RECTAVIT-FLANDRIENCROSS-HAMME 16:11:2025,,,unknown_standalone_x2o-badkamers-trofee-rectavit-flandriencross-hamme-16-11-2025_noloc,,VAN DEN BOER Arthur
29.0,VANDEN EYNDE Mats,10086550858,BEL,BALOISE GLOWI LIONS,666.0,,X2O BADKAMERS TROFEE RECTAVIT-FLANDRIENCROSS-HAMME 16:11:2025,,,unknown_standalone_x2o-badkamers-trofee-rectavit-flandriencross-hamme-16-11-2025_noloc,,VANDEN EYNDE Mats
30.0,SMITH Finn,10087808929,NED,VISKERCYCLING MTB TEAM,,,X2O BADKAMERS TROFEE RECTAVIT-FLANDRIENCROSS-HAMME 16:11:2025,,,unknown_standalone_x2o-badkamers-trofee-rectavit-flandriencross-hamme-16-11-2025_noloc,,SMITH Finn
31.0,VAN LOOY Stan,10110031225,BEL,WAC TEAM VZW,,,X2O BADKAMERS TROFEE RECTAVIT-FLANDRIENCROSS-HAMME 16:11:2025,,,unknown_standalone_x2o-badkamers-trofee-rectavit-flandriencross-hamme-16-11-2025_noloc,,VAN LOOY Stan
32.0,CRIEL Merlijn,10087513986,BEL,CENTER PARCS CT,,,X2O BADKAMERS TROFEE RECTAVIT-FLANDRIENCROSS-HAMME 16:11:2025,,,unknown_standalone_x2o-badkamers-trofee-rectavit-flandriencross-hamme-16-11-2025_noloc,,CRIEL Merlijn
33.0,DECKERS Toon,10072053705,BEL,VP CONSULTING CYCLING TEAM,,,X2O BADKAMERS TROFEE RECTAVIT-FLANDRIENCROSS-HAMME 16:11:2025,,,unknown_standalone_x2o-badkamers-trofee-rectavit-flandriencross-hamme-16-11-2025_noloc,,DECKERS Toon
34.0,ESCAJADILLO Pablo,10115229718,PER,ROYAL CUREGHEM SPORTIEF VZW,,,X2O BADKAMERS TROFEE RECTAVIT-FLANDRIENCROSS-HAMME 16:11:2025,,,unknown_standalone_x2o-badkamers-trofee-rectavit-flandriencross-hamme-16-11-2025_noloc,,ESCAJADILLO Pablo
35.0,GEENS Keano,10065201057,BEL,WOUTIM-DEXTERS SPORT,,,X2O BADKAMERS TROFEE RECTAVIT-FLANDRIENCROSS-HAMME 16:11:2025,,,unknown_standalone_x2o-badkamers-trofee-rectavit-flandriencross-hamme-16-11-2025_noloc,,GEENS Keano
36.0,MEEUSEN Lennert,10065190953,BEL,WAC TEAM VZW,,,X2O BADKAMERS TROFEE RECTAVIT-FLANDRIENCROSS-HAMME 16:11:2025,,,unknown_standalone_x2o-badkamers-trofee-rectavit-flandriencross-hamme-16-11-2025_noloc,,MEEUSEN Lennert
37.0,WISSE Nick,10023195209,NED,ZRTC THEO MIDDELKAMP,,,X2O BADKAMERS TROFEE RECTAVIT-FLANDRIENCROSS-HAMME 16:11:2025,,,unknown_standalone_x2o-badkamers-trofee-rectavit-flandriencross-hamme-16-11-2025_noloc,,WISSE Nick
38.0,VAN DEN BERGH Toon,10065075159,BEL,YOUNG CYCLING TALENT D&D,,,X2O BADKAMERS TROFEE RECTAVIT-FLANDRIENCROSS-HAMME 16:11:2025,,,unknown_standalone_x2o-badkamers-trofee-rectavit-flandriencross-hamme-16-11-2025_noloc,,VAN DEN BERGH Toon
39.0,GOOVAERTS Jarne,10065116686,BEL,WOUTIM-DEXTERS SPORT,,,X2O BADKAMERS TROFEE RECTAVIT-FLANDRIENCROSS-HAMME 16:11:2025,,,unknown_standalone_x2o-badkamers-trofee-rectavit-flandriencross-hamme-16-11-2025_noloc,,GOOVAERTS Jarne
40.0,GOOVAERTS Jorit,10065198330,BEL,WOUTIM-DEXTERS SPORT,,,X2O BADKAMERS TROFEE RECTAVIT-FLANDRIENCROSS-HAMME 16:11:2025,,,unknown_standalone_x2o-badkamers-trofee-rectavit-flandriencross-hamme-16-11-2025_noloc,,GOOVAERTS Jorit
41.0,VAN LOOCKE Lars,10084631773,BEL,CAMPE LANCKRIET CYCLING TEAM,,,X2O BADKAMERS TROFEE RECTAVIT-FLANDRIENCROSS-HAMME 16:11:2025,,,unknown_standalone_x2o-badkamers-trofee-rectavit-flandriencross-hamme-16-11-2025_noloc,,VAN LOOCKE Lars
42.0,VANCOMPERNOLLE Tibo,10065134470,BEL,DL CHEMICALS - EXPERZA CYCLING TEAM,,,X2O BADKAMERS TROFEE RECTAVIT-FLANDRIENCROSS-HAMME 16:11:2025,,,unknown_standalone_x2o-badkamers-trofee-rectavit-flandriencross-hamme-16-11-2025_noloc,,VANCOMPERNOLLE Tibo
43.0,DEKORT Jens,10086823771,BEL,VAN GORP PROJECTS - CT ZANDHOVEN,,,X2O BADKAMERS TROFEE RECTAVIT-FLANDRIENCROSS-HAMME 16:11:2025,,,unknown_standalone_x2o-badkamers-trofee-rectavit-flandriencross-hamme-16-11-2025_noloc,,DEKORT Jens
44.0,JACOBY François,10138094941,BEL,BRUSSELS CYCLING CLUB,,,X2O BADKAMERS TROFEE RECTAVIT-FLANDRIENCROSS-HAMME 16:11:2025,,,unknown_standalone_x2o-badkamers-trofee-rectavit-flandriencross-hamme-16-11-2025_noloc,,JACOBY François
45.0,DE NYS Lars,10065203077,BEL,A.S. CONSTRUCT - CASTAAR CYCLING TEAM,,,X2O BADKAMERS TROFEE RECTAVIT-FLANDRIENCROSS-HAMME 16:11:2025,,,unknown_standalone_x2o-badkamers-trofee-rectavit-flandriencross-hamme-16-11-2025_noloc,,DE NYS Lars
46.0,CARDIJN Jorre,10126807575,BEL,GMS CYCLING TEAM GLABBEEK,,,X2O BADKAMERS TROFEE RECTAVIT-FLANDRIENCROSS-HAMME 16:11:2025,,,unknown_standalone_x2o-badkamers-trofee-rectavit-flandriencross-hamme-16-11-2025_noloc,,CARDIJN Jorre
47.0,VANLAERE Loïc,10065197421,BEL,STARBIKES - VISTABUILD,,,X2O BADKAMERS TROFEE RECTAVIT-FLANDRIENCROSS-HAMME 16:11:2025,,,unknown_standalone_x2o-badkamers-trofee-rectavit-flandriencross-hamme-16-11-2025_noloc,,VANLAERE Loïc
48.0,VERSLOOT Rick,10023082142,NED,RC JAN VAN ARCKEL,,,X2O BADKAMERS TROFEE RECTAVIT-FLANDRIENCROSS-HAMME 16:11:2025,,,unknown_standalone_x2o-badkamers-trofee-rectavit-flandriencross-hamme-16-11-2025_noloc,,VERSLOOT Rick
49.0,VROLIX Yarne,10119563392,BEL,VAN GORP PROJECTS - CT ZANDHOVEN,,,X2O BADKAMERS TROFEE RECTAVIT-FLANDRIENCROSS-HAMME 16:11:2025,,,unknown_standalone_x2o-badkamers-trofee-rectavit-flandriencross-hamme-16-11-2025_noloc,,VROLIX Yarne
50.0,CROKET Maxime,10134157448,BEL,DESCHACHT-HENS CX TEAM,,,X2O BADKAMERS TROFEE RECTAVIT-FLANDRIENCROSS-HAMME 16:11:2025,,,unknown_standalone_x2o-badkamers-trofee-rectavit-flandriencross-hamme-16-11-2025_noloc,,CROKET Maxime
51.0,WOUTERS Jelle,10065102138,BEL,STAGECO CYCLING TEAM,,,X2O BADKAMERS TROFEE RECTAVIT-FLANDRIENCROSS-HAMME 16:11:2025,,,unknown_standalone_x2o-badkamers-trofee-rectavit-flandriencross-hamme-16-11-2025_noloc,,WOUTERS Jelle
52.0,DEPRAETERE Gust,10084695330,BEL,THE LEAD OUT CYCLING ACADEMY,,,X2O BADKAMERS TROFEE RECTAVIT-FLANDRIENCROSS-HAMME 16:11:2025,,,unknown_standalone_x2o-badkamers-trofee-rectavit-flandriencross-hamme-16-11-2025_noloc,,DEPRAETERE Gust
53.0,VAN BRUWAENE Emiel,10065133561,BEL,TOMABEL-INOFEC CYCLINGTEAM,,,X2O BADKAMERS TROFEE RECTAVIT-FLANDRIENCROSS-HAMME 16:11:2025,,,unknown_standalone_x2o-badkamers-trofee-rectavit-flandriencross-hamme-16-11-2025_noloc,,VAN BRUWAENE Emiel
54.0,DE CLERCQ Arne,10065059395,BEL,ASFRA RACING TEAM,,,X2O BADKAMERS TROFEE RECTAVIT-FLANDRIENCROSS-HAMME 16:11:2025,,,unknown_standalone_x2o-badkamers-trofee-rectavit-flandriencross-hamme-16-11-2025_noloc,,DE CLERCQ Arne
55.0,JACOBS Josse,10070910115,BEL,WAC TEAM VZW,,,X2O BADKAMERS TROFEE RECTAVIT-FLANDRIENCROSS-HAMME 16:11:2025,,,unknown_standalone_x2o-badkamers-trofee-rectavit-flandriencross-hamme-16-11-2025_noloc,,JACOBS Josse
56.0,MOURIS Michiel,10023052335,NED,ZZPR.NL-PARKHOTEL-ORANGE BABIES CT,,,X2O BADKAMERS TROFEE RECTAVIT-FLANDRIENCROSS-HAMME 16:11:2025,,,unknown_standalone_x2o-badkamers-trofee-rectavit-flandriencross-hamme-16-11-2025_noloc,,MOURIS Michiel
57.0,IVENS Vince,10112786328,BEL,KZLWC - AE,,,X2O BADKAMERS TROFEE RECTAVIT-FLANDRIENCROSS-HAMME 16:11:2025,,,unknown_standalone_x2o-badkamers-trofee-rectavit-flandriencross-hamme-16-11-2025_noloc,,IVENS Vince
58.0,MEYLENDER Rick,10035006775,LUX,CYCLING TEAM ATERTDAUL,,,X2O BADKAMERS TROFEE RECTAVIT-FLANDRIENCROSS-HAMME 16:11:2025,,,unknown_standalone_x2o-badkamers-trofee-rectavit-flandriencross-hamme-16-11-2025_noloc,,MEYLENDER Rick
59.0,DAELMANS Lars,10119457908,BEL,STARBIKES - VISTABUILD,,,X2O BADKAMERS TROFEE RECTAVIT-FLANDRIENCROSS-HAMME 16:11:2025,,,unknown_standalone_x2o-badkamers-trofee-rectavit-flandriencross-hamme-16-11-2025_noloc,,DAELMANS Lars
60.0,DE VOS Mees,10023304838,NED,ZRTC THEO MIDDELKAMP,,,X2O BADKAMERS TROFEE RECTAVIT-FLANDRIENCROSS-HAMME 16:11:2025,,,unknown_standalone_x2o-badkamers-trofee-rectavit-flandriencross-hamme-16-11-2025_noloc,,DE VOS Mees
61.0,MAES Brent,10125216573,BEL,CYCLOCROSS TEAM MJ WOOD,,,X2O BADKAMERS TROFEE RECTAVIT-FLANDRIENCROSS-HAMME 16:11:2025,,,unknown_standalone_x2o-badkamers-trofee-rectavit-flandriencross-hamme-16-11-2025_noloc,,MAES Brent
62.0,DE NYS Milan,10065078795,BEL,A.S. CONSTRUCT - CASTAAR CYCLING TEAM,,,X2O BADKAMERS TROFEE RECTAVIT-FLANDRIENCROSS-HAMME 16:11:2025,,,unknown_standalone_x2o-badkamers-trofee-rectavit-flandriencross-hamme-16-11-2025_noloc,,DE NYS Milan
,2 van 4,,,,,,X2O BADKAMERS TROFEE RECTAVIT-FLANDRIENCROSS-HAMME 16:11:2025,,,unknown_standalone_x2o-badkamers-trofee-rectavit-flandriencross-hamme-16-11-2025_noloc,,2 van 4
63.0,SEGERS Seppe,10085565805,BEL,VAN GORP PROJECTS - CT ZANDHOVEN,,,X2O BADKAMERS TROFEE RECTAVIT-FLANDRIENCROSS-HAMME 16:11:2025,,,unknown_standalone_x2o-badkamers-trofee-rectavit-flandriencross-hamme-16-11-2025_noloc,,SEGERS Seppe
64.0,ERPELS Ferre,10065182667,BEL,TEAM KEMPEN CYCLING VZW,,,X2O BADKAMERS TROFEE RECTAVIT-FLANDRIENCROSS-HAMME 16:11:2025,,,unknown_standalone_x2o-badkamers-trofee-rectavit-flandriencross-hamme-16-11-2025_noloc,,ERPELS Ferre
65.0,JOIJE Joppe,10076682221,BEL,CYCLING TEAM HOUTLAND-WESTKUST,,,X2O BADKAMERS TROFEE RECTAVIT-FLANDRIENCROSS-HAMME 16:11:2025,,,unknown_standalone_x2o-badkamers-trofee-rectavit-flandriencross-hamme-16-11-2025_noloc,,JOIJE Joppe
1.0,VAN DER HEIJDEN Inge,10010592885,NED,CRELAN-CORENDON,3.0,,X2O BADKAMERS TROFEE RECTAVIT-FLANDRIENCROSS-HAMME 16:11:2025,,,unknown_standalone_x2o-badkamers-trofee-rectavit-flandriencross-hamme-16-11-2025_noloc,,VAN DER HEIJDEN Inge
2.0,BRAND Lucinda,10006605680,NED,BALOISE GLOWI LIONS,1.0,,X2O BADKAMERS TROFEE RECTAVIT-FLANDRIENCROSS-HAMME 16:11:2025,,,unknown_standalone_x2o-badkamers-trofee-rectavit-flandriencross-hamme-16-11-2025_noloc,,BRAND Lucinda
3.0,BAKKER Manon,10009521643,NED,FENIX-DECEUNINCK DEVELOPMENT TEAM,8.0,,X2O BADKAMERS TROFEE RECTAVIT-FLANDRIENCROSS-HAMME 16:11:2025,,,unknown_standalone_x2o-badkamers-trofee-rectavit-flandriencross-hamme-16-11-2025_noloc,,BAKKER Manon
4.0,SCHREIBER Marie,10034998489,LUX,TEAM SDWORX - PROTIME,10.0,,X2O BADKAMERS TROFEE RECTAVIT-FLANDRIENCROSS-HAMME 16:11:2025,,,unknown_standalone_x2o-badkamers-trofee-rectavit-flandriencross-hamme-16-11-2025_noloc,,SCHREIBER Marie
5.0,BROUWERS Julie,10065009885,BEL,CHARLES-LIÉGEOIS ROASTERY CX,13.0,,X2O BADKAMERS TROFEE RECTAVIT-FLANDRIENCROSS-HAMME 16:11:2025,,,unknown_standalone_x2o-badkamers-trofee-rectavit-flandriencross-hamme-16-11-2025_noloc,,BROUWERS Julie
6.0,VAN ALPHEN Aniek,10015541303,NED,SEVEN RACING,14.0,,X2O BADKAMERS TROFEE RECTAVIT-FLANDRIENCROSS-HAMME 16:11:2025,,,unknown_standalone_x2o-badkamers-trofee-rectavit-flandriencross-hamme-16-11-2025_noloc,,VAN ALPHEN Aniek
7.0,CLAUZEL Hélène,10009876806,FRA,INDIVIDUEEL,15.0,,X2O BADKAMERS TROFEE RECTAVIT-FLANDRIENCROSS-HAMME 16:11:2025,,,unknown_standalone_x2o-badkamers-trofee-rectavit-flandriencross-hamme-16-11-2025_noloc,,CLAUZEL Hélène
8.0,BETSEMA Denise,10007654694,NED,DE CEUSTER - BOUWPUNT,16.0,,X2O BADKAMERS TROFEE RECTAVIT-FLANDRIENCROSS-HAMME 16:11:2025,,,unknown_standalone_x2o-badkamers-trofee-rectavit-flandriencross-hamme-16-11-2025_noloc,,BETSEMA Denise
9.0,CUSACK Lidia,10096124556,USA,USA NATIONAL TEAM,37.0,,X2O BADKAMERS TROFEE RECTAVIT-FLANDRIENCROSS-HAMME 16:11:2025,,,unknown_standalone_x2o-badkamers-trofee-rectavit-flandriencross-hamme-16-11-2025_noloc,,CUSACK Lidia
10.0,KAY Anna,10015470672,GBR,ESSEC CYCLING TEAM,39.0,,X2O BADKAMERS TROFEE RECTAVIT-FLANDRIENCROSS-HAMME 16:11:2025,,,unknown_standalone_x2o-badkamers-trofee-rectavit-flandriencross-hamme-16-11-2025_noloc,,KAY Anna
11.0,CRABBÉ Kiona,10064929760,BEL,LOTTO-X-OATS ATHLETES FOR HOPE,47.0,,X2O BADKAMERS TROFEE RECTAVIT-FLANDRIENCROSS-HAMME 16:11:2025,,,unknown_standalone_x2o-badkamers-trofee-rectavit-flandriencross-hamme-16-11-2025_noloc,,CRABBÉ Kiona
12.0,HARTOG Larissa,10022713946,NED,ORANGE BABIES CYCLING TEAM,64.0,,X2O BADKAMERS TROFEE RECTAVIT-FLANDRIENCROSS-HAMME 16:11:2025,,,unknown_standalone_x2o-badkamers-trofee-rectavit-flandriencross-hamme-16-11-2025_noloc,,HARTOG Larissa
13.0,CLAUZEL Perrine,10007703194,FRA,AS BIKE CROSS TEAM,72.0,,X2O BADKAMERS TROFEE RECTAVIT-FLANDRIENCROSS-HAMME 16:11:2025,,,unknown_standalone_x2o-badkamers-trofee-rectavit-flandriencross-hamme-16-11-2025_noloc,,CLAUZEL Perrine
14.0,DE BEER Jamie,10155432174,NED,TWC HET SNELLE WIEL BESTRONICS,86.0,,X2O BADKAMERS TROFEE RECTAVIT-FLANDRIENCROSS-HAMME 16:11:2025,,,unknown_standalone_x2o-badkamers-trofee-rectavit-flandriencross-hamme-16-11-2025_noloc,,DE BEER Jamie
15.0,VERVLOET Sterre,10065040807,BEL,DESCHACHT-HENS CX TEAM,105.0,,X2O BADKAMERS TROFEE RECTAVIT-FLANDRIENCROSS-HAMME 16:11:2025,,,unknown_standalone_x2o-badkamers-trofee-rectavit-flandriencross-hamme-16-11-2025_noloc,,VERVLOET Sterre
16.0,DE SCHOESITTER Shanyl,10065150941,BEL,PAUWELS SAUZEN - ALTEZ INDUSTRIEBOUW CT,115.0,,X2O BADKAMERS TROFEE RECTAVIT-FLANDRIENCROSS-HAMME 16:11:2025,,,unknown_standalone_x2o-badkamers-trofee-rectavit-flandriencross-hamme-16-11-2025_noloc,,DE SCHOESITTER Shanyl
17.0,LAURIJSSEN Sanne,10084938941,BEL,CRELAN-CORENDON,130.0,,X2O BADKAMERS TROFEE RECTAVIT-FLANDRIENCROSS-HAMME 16:11:2025,,,unknown_standalone_x2o-badkamers-trofee-rectavit-flandriencross-hamme-16-11-2025_noloc,,LAURIJSSEN Sanne
18.0,MITCHINSON Ellie,10090914646,GBR,MONTEZUMAS EVENTREX,135.0,,X2O BADKAMERS TROFEE RECTAVIT-FLANDRIENCROSS-HAMME 16:11:2025,,,unknown_standalone_x2o-badkamers-trofee-rectavit-flandriencross-hamme-16-11-2025_noloc,,MITCHINSON Ellie
19.0,LEMMENS Melanie,10065232985,BEL,ACROG-TORMANS,154.0,,X2O BADKAMERS TROFEE RECTAVIT-FLANDRIENCROSS-HAMME 16:11:2025,,,unknown_standalone_x2o-badkamers-trofee-rectavit-flandriencross-hamme-16-11-2025_noloc,,LEMMENS Melanie
20.0,HLADÍKOVÁ Kateřina,10047765309,CZE,BRILON RACING TEAM,175.0,,X2O BADKAMERS TROFEE RECTAVIT-FLANDRIENCROSS-HAMME 16:11:2025,,,unknown_standalone_x2o-badkamers-trofee-rectavit-flandriencross-hamme-16-11-2025_noloc,,HLADÍKOVÁ Kateřina
21.0,VAN DE STEENE Kim,10007952566,BEL,NEVER GIVE UP BY JOLIEN VERSCHUEREN,188.0,,X2O BADKAMERS TROFEE RECTAVIT-FLANDRIENCROSS-HAMME 16:11:2025,,,unknown_standalone_x2o-badkamers-trofee-rectavit-flandriencross-hamme-16-11-2025_noloc,,VAN DE STEENE Kim
22.0,WENZEL Liv,10035000513,LUX,HESS CYCLING TEAM,197.0,,X2O BADKAMERS TROFEE RECTAVIT-FLANDRIENCROSS-HAMME 16:11:2025,,,unknown_standalone_x2o-badkamers-trofee-rectavit-flandriencross-hamme-16-11-2025_noloc,,WENZEL Liv
23.0,DE RAEDEMAEKER Alexe,10099080329,BEL,ESSEC CYCLING TEAM,279.0,,X2O BADKAMERS TROFEE RECTAVIT-FLANDRIENCROSS-HAMME 16:11:2025,,,unknown_standalone_x2o-badkamers-trofee-rectavit-flandriencross-hamme-16-11-2025_noloc,,DE RAEDEMAEKER Alexe
24.0,MAES Lisa,10125216674,BEL,DE CEUSTER-ACROG,297.0,,X2O BADKAMERS TROFEE RECTAVIT-FLANDRIENCROSS-HAMME 16:11:2025,,,unknown_standalone_x2o-badkamers-trofee-rectavit-flandriencross-hamme-16-11-2025_noloc,,MAES Lisa
25.0,BAELE Lotte,10075241567,BEL,DE CEUSTER - BOUWPUNT,303.0,,X2O BADKAMERS TROFEE RECTAVIT-FLANDRIENCROSS-HAMME 16:11:2025,,,unknown_standalone_x2o-badkamers-trofee-rectavit-flandriencross-hamme-16-11-2025_noloc,,BAELE Lotte
26.0,DE BRUYCKERE Xenna,10065096983,BEL,DE CEUSTER-ACROG,321.0,,X2O BADKAMERS TROFEE RECTAVIT-FLANDRIENCROSS-HAMME 16:11:2025,,,unknown_standalone_x2o-badkamers-trofee-rectavit-flandriencross-hamme-16-11-2025_noloc,,DE BRUYCKERE Xenna
27.0,STEFFENHAGEN Diana,10015540592,GER,RSV SEEHEIM 1971,322.0,,X2O BADKAMERS TROFEE RECTAVIT-FLANDRIENCROSS-HAMME 16:11:2025,,,unknown_standalone_x2o-badkamers-trofee-rectavit-flandriencross-hamme-16-11-2025_noloc,,STEFFENHAGEN Diana
28.0,SECCHI Giorgia,10031821135,ITA,ASD WOMEN CYCLING PROJECT,391.0,,X2O BADKAMERS TROFEE RECTAVIT-FLANDRIENCROSS-HAMME 16:11:2025,,,unknown_standalone_x2o-badkamers-trofee-rectavit-flandriencross-hamme-16-11-2025_noloc,,SECCHI Giorgia
29.0,MOS Anniek,10085934203,NED,WSV DE PEDDELAARS,478.0,,X2O BADKAMERS TROFEE RECTAVIT-FLANDRIENCROSS-HAMME 16:11:2025,,,unknown_standalone_x2o-badkamers-trofee-rectavit-flandriencross-hamme-16-11-2025_noloc,,MOS Anniek
30.0,SEYNAVE Ilken,10065162964,BEL,DESCHACHT-HENS CX TEAM,539.0,,X2O BADKAMERS TROFEE RECTAVIT-FLANDRIENCROSS-HAMME 16:11:2025,,,unknown_standalone_x2o-badkamers-trofee-rectavit-flandriencross-hamme-16-11-2025_noloc,,SEYNAVE Ilken
31.0,DELCOMMUNE Juline,10078333140,BEL,TEAM WILINK BRUSSELS CYCLING,679.0,,X2O BADKAMERS TROFEE RECTAVIT-FLANDRIENCROSS-HAMME 16:11:2025,,,unknown_standalone_x2o-badkamers-trofee-rectavit-flandriencross-hamme-16-11-2025_noloc,,DELCOMMUNE Juline
32.0,SCHOLLAERT Shanaya Esther,10108561168,BEL,BALOISE MINIMAX WB LADIES,706.0,,X2O BADKAMERS TROFEE RECTAVIT-FLANDRIENCROSS-HAMME 16:11:2025,,,unknown_standalone_x2o-badkamers-trofee-rectavit-flandriencross-hamme-16-11-2025_noloc,,SCHOLLAERT Shanaya Esther
33.0,DE BRUYNE Meg,10009112526,BEL,SUPER HELP - EVIL EYE,767.0,,X2O BADKAMERS TROFEE RECTAVIT-FLANDRIENCROSS-HAMME 16:11:2025,,,unknown_standalone_x2o-badkamers-trofee-rectavit-flandriencross-hamme-16-11-2025_noloc,,DE BRUYNE Meg
34.0,KNIJNENBURG Anne,10135109967,NED,VOLKER WESSELS CYCLING TEAM,,,X2O BADKAMERS TROFEE RECTAVIT-FLANDRIENCROSS-HAMME 16:11:2025,,,unknown_standalone_x2o-badkamers-trofee-rectavit-flandriencross-hamme-16-11-2025_noloc,,KNIJNENBURG Anne
1.0,AERTS Toon,10007586087,BEL,DESCHACHT-HENS CX TEAM,2.0,,X2O BADKAMERS TROFEE RECTAVIT-FLANDRIENCROSS-HAMME 16:11:2025,,,unknown_standalone_x2o-badkamers-trofee-rectavit-flandriencross-hamme-16-11-2025_noloc,,AERTS Toon
2.0,NYS Thibau,10065004835,BEL,BALOISE GLOWI LIONS,9.0,,X2O BADKAMERS TROFEE RECTAVIT-FLANDRIENCROSS-HAMME 16:11:2025,,,unknown_standalone_x2o-badkamers-trofee-rectavit-flandriencross-hamme-16-11-2025_noloc,,NYS Thibau
3.0,VANTHOURENHOUT Michael,10007155651,BEL,PAUWELS SAUZEN - ALTEZ INDUSTRIEBOUW CT,1.0,,X2O BADKAMERS TROFEE RECTAVIT-FLANDRIENCROSS-HAMME 16:11:2025,,,unknown_standalone_x2o-badkamers-trofee-rectavit-flandriencross-hamme-16-11-2025_noloc,,VANTHOURENHOUT Michael
4.0,VANDEPUTTE Niels,10016327609,BEL,ALPECIN-DECEUNINCK DEVELOPMENT TEAM,4.0,,X2O BADKAMERS TROFEE RECTAVIT-FLANDRIENCROSS-HAMME 16:11:2025,,,unknown_standalone_x2o-badkamers-trofee-rectavit-flandriencross-hamme-16-11-2025_noloc,,VANDEPUTTE Niels
5.0,WYSEURE Joran,10064921777,BEL,CRELAN-CORENDON,5.0,,X2O BADKAMERS TROFEE RECTAVIT-FLANDRIENCROSS-HAMME 16:11:2025,,,unknown_standalone_x2o-badkamers-trofee-rectavit-flandriencross-hamme-16-11-2025_noloc,,WYSEURE Joran
6.0,SWEECK Laurens,10006912646,BEL,CRELAN-CORENDON,7.0,,X2O BADKAMERS TROFEE RECTAVIT-FLANDRIENCROSS-HAMME 16:11:2025,,,unknown_standalone_x2o-badkamers-trofee-rectavit-flandriencross-hamme-16-11-2025_noloc,,SWEECK Laurens
7.0,VAN DER HAAR Lars,10006118660,NED,BALOISE GLOWI LIONS,8.0,,X2O BADKAMERS TROFEE RECTAVIT-FLANDRIENCROSS-HAMME 16:11:2025,,,unknown_standalone_x2o-badkamers-trofee-rectavit-flandriencross-hamme-16-11-2025_noloc,,VAN DER HAAR Lars
8.0,ORTS LLORET Felipe,10009004715,ESP,RIDLEY RACING TEAM,11.0,,X2O BADKAMERS TROFEE RECTAVIT-FLANDRIENCROSS-HAMME 16:11:2025,,,unknown_standalone_x2o-badkamers-trofee-rectavit-flandriencross-hamme-16-11-2025_noloc,,ORTS LLORET Felipe
9.0,VERSTRYNGE Emiel,10064972705,BEL,CRELAN-CORENDON,12.0,,X2O BADKAMERS TROFEE RECTAVIT-FLANDRIENCROSS-HAMME 16:11:2025,,,unknown_standalone_x2o-badkamers-trofee-rectavit-flandriencross-hamme-16-11-2025_noloc,,VERSTRYNGE Emiel
10.0,KUHN Kevin,10009746763,SUI,HEIZOMAT - CUBE,14.0,,X2O BADKAMERS TROFEE RECTAVIT-FLANDRIENCROSS-HAMME 16:11:2025,,,unknown_standalone_x2o-badkamers-trofee-rectavit-flandriencross-hamme-16-11-2025_noloc,,KUHN Kevin
11.0,NIEUWENHUIS Joris,10008705833,NED,RIDLEY RACING TEAM,15.0,,X2O BADKAMERS TROFEE RECTAVIT-FLANDRIENCROSS-HAMME 16:11:2025,,,unknown_standalone_x2o-badkamers-trofee-rectavit-flandriencross-hamme-16-11-2025_noloc,,NIEUWENHUIS Joris
12.0,STROHMEYER Andrew,10071735019,USA,CXD TREK BIKES,16.0,,X2O BADKAMERS TROFEE RECTAVIT-FLANDRIENCROSS-HAMME 16:11:2025,,,unknown_standalone_x2o-badkamers-trofee-rectavit-flandriencross-hamme-16-11-2025_noloc,,STROHMEYER Andrew
13.0,MASON Cameron,10023574923,GBR,SEVEN RACING,18.0,,X2O BADKAMERS TROFEE RECTAVIT-FLANDRIENCROSS-HAMME 16:11:2025,,,unknown_standalone_x2o-badkamers-trofee-rectavit-flandriencross-hamme-16-11-2025_noloc,,MASON Cameron
14.0,MICHELS Jente,10065014333,BEL,ALPECIN-DECEUNINCK DEVELOPMENT TEAM,20.0,,X2O BADKAMERS TROFEE RECTAVIT-FLANDRIENCROSS-HAMME 16:11:2025,,,unknown_standalone_x2o-badkamers-trofee-rectavit-flandriencross-hamme-16-11-2025_noloc,,MICHELS Jente
15.0,HENDRIKX Mees,10016519484,NED,HEIZOMAT - CUBE,22.0,,X2O BADKAMERS TROFEE RECTAVIT-FLANDRIENCROSS-HAMME 16:11:2025,,,unknown_standalone_x2o-badkamers-trofee-rectavit-flandriencross-hamme-16-11-2025_noloc,,HENDRIKX Mees
,3 van 4,,,,,,X2O BADKAMERS TROFEE RECTAVIT-FLANDRIENCROSS-HAMME 16:11:2025,,,unknown_standalone_x2o-badkamers-trofee-rectavit-flandriencross-hamme-16-11-2025_noloc,,3 van 4
16.0,KAMP Ryan,10023356166,NED,ALPECIN-DECEUNINCK DEVELOPMENT TEAM,24.0,,X2O BADKAMERS TROFEE RECTAVIT-FLANDRIENCROSS-HAMME 16:11:2025,,,unknown_standalone_x2o-badkamers-trofee-rectavit-flandriencross-hamme-16-11-2025_noloc,,KAMP Ryan
17.0,VANDEBOSCH Toon,10010943604,BEL,CRELAN-CORENDON,26.0,,X2O BADKAMERS TROFEE RECTAVIT-FLANDRIENCROSS-HAMME 16:11:2025,,,unknown_standalone_x2o-badkamers-trofee-rectavit-flandriencross-hamme-16-11-2025_noloc,,VANDEBOSCH Toon
18.0,SUAREZ FERNANDEZ Kevin,10007584572,ESP,NESTA - MMR CX TEAM,37.0,,X2O BADKAMERS TROFEE RECTAVIT-FLANDRIENCROSS-HAMME 16:11:2025,,,unknown_standalone_x2o-badkamers-trofee-rectavit-flandriencross-hamme-16-11-2025_noloc,,SUAREZ FERNANDEZ Kevin
19.0,VAN DE PUTTE Victor,10064985940,BEL,DESCHACHT-HENS CX TEAM,40.0,,X2O BADKAMERS TROFEE RECTAVIT-FLANDRIENCROSS-HAMME 16:11:2025,,,unknown_standalone_x2o-badkamers-trofee-rectavit-flandriencross-hamme-16-11-2025_noloc,,VAN DE PUTTE Victor
20.0,MEEUSSEN Witse,10064931679,BEL,CRELAN-CORENDON,51.0,,X2O BADKAMERS TROFEE RECTAVIT-FLANDRIENCROSS-HAMME 16:11:2025,,,unknown_standalone_x2o-badkamers-trofee-rectavit-flandriencross-hamme-16-11-2025_noloc,,MEEUSSEN Witse
21.0,HORNY Clement,10016419858,BEL,BH-WALLONIE MTB TEAM,59.0,,X2O BADKAMERS TROFEE RECTAVIT-FLANDRIENCROSS-HAMME 16:11:2025,,,unknown_standalone_x2o-badkamers-trofee-rectavit-flandriencross-hamme-16-11-2025_noloc,,HORNY Clement
22.0,MARASCO Lorenzo,10023530059,FRA,SEBMOTOBIKES CX TEAM,97.0,,X2O BADKAMERS TROFEE RECTAVIT-FLANDRIENCROSS-HAMME 16:11:2025,,,unknown_standalone_x2o-badkamers-trofee-rectavit-flandriencross-hamme-16-11-2025_noloc,,MARASCO Lorenzo
23.0,FERDINANDE Anton,10016322656,BEL,SHIFTING GEARS,112.0,,X2O BADKAMERS TROFEE RECTAVIT-FLANDRIENCROSS-HAMME 16:11:2025,,,unknown_standalone_x2o-badkamers-trofee-rectavit-flandriencross-hamme-16-11-2025_noloc,,FERDINANDE Anton
24.0,GROENENDAAL Bailey,10022873085,DEN,TWC DE KEMPEN,129.0,,X2O BADKAMERS TROFEE RECTAVIT-FLANDRIENCROSS-HAMME 16:11:2025,,,unknown_standalone_x2o-badkamers-trofee-rectavit-flandriencross-hamme-16-11-2025_noloc,,GROENENDAAL Bailey
25.0,LOOCKX Lander,10009360884,BEL,UNIBET TIETEMA ROCKETS,149.0,,X2O BADKAMERS TROFEE RECTAVIT-FLANDRIENCROSS-HAMME 16:11:2025,,,unknown_standalone_x2o-badkamers-trofee-rectavit-flandriencross-hamme-16-11-2025_noloc,,LOOCKX Lander
26.0,JANSSEN Wout,10064972095,BEL,CYCLIS - VAN DEN PLAS CYCLING TEAM,156.0,,X2O BADKAMERS TROFEE RECTAVIT-FLANDRIENCROSS-HAMME 16:11:2025,,,unknown_standalone_x2o-badkamers-trofee-rectavit-flandriencross-hamme-16-11-2025_noloc,,JANSSEN Wout
27.0,DELNOIJE Remon,10022684139,NED,TWC DE KEMPEN,172.0,,X2O BADKAMERS TROFEE RECTAVIT-FLANDRIENCROSS-HAMME 16:11:2025,,,unknown_standalone_x2o-badkamers-trofee-rectavit-flandriencross-hamme-16-11-2025_noloc,,DELNOIJE Remon
28.0,OKAYAMA Yuta,10021324321,JPN,OLANDA BASE/WATERSLEY,385.0,,X2O BADKAMERS TROFEE RECTAVIT-FLANDRIENCROSS-HAMME 16:11:2025,,,unknown_standalone_x2o-badkamers-trofee-rectavit-flandriencross-hamme-16-11-2025_noloc,,OKAYAMA Yuta
29.0,DE VET Sander,10016393182,BEL,TRUSTUP-CC CHEVIGNY,633.0,,X2O BADKAMERS TROFEE RECTAVIT-FLANDRIENCROSS-HAMME 16:11:2025,,,unknown_standalone_x2o-badkamers-trofee-rectavit-flandriencross-hamme-16-11-2025_noloc,,DE VET Sander
30.0,ALDERWEIRELD Robin,10009859123,BEL,TEAM ATOM 6,654.0,,X2O BADKAMERS TROFEE RECTAVIT-FLANDRIENCROSS-HAMME 16:11:2025,,,unknown_standalone_x2o-badkamers-trofee-rectavit-flandriencross-hamme-16-11-2025_noloc,,ALDERWEIRELD Robin
31.0,D´HOLLANDER Senne,10064985132,BEL,CYCLIS - VAN DEN PLAS CYCLING TEAM,,,X2O BADKAMERS TROFEE RECTAVIT-FLANDRIENCROSS-HAMME 16:11:2025,,,unknown_standalone_x2o-badkamers-trofee-rectavit-flandriencross-hamme-16-11-2025_noloc,,D´HOLLANDER Senne
32.0,MERTENS Jonas,10064969065,BEL,T&T MTB RACING TEAM,,,X2O BADKAMERS TROFEE RECTAVIT-FLANDRIENCROSS-HAMME 16:11:2025,,,unknown_standalone_x2o-badkamers-trofee-rectavit-flandriencross-hamme-16-11-2025_noloc,,MERTENS Jonas
33.0,JANSE Stef,10064936632,BEL,YOUNG CYCLING TALENT D&D,,,X2O BADKAMERS TROFEE RECTAVIT-FLANDRIENCROSS-HAMME 16:11:2025,,,unknown_standalone_x2o-badkamers-trofee-rectavit-flandriencross-hamme-16-11-2025_noloc,,JANSE Stef
,4 van 4,,,,,,X2O BADKAMERS TROFEE RECTAVIT-FLANDRIENCROSS-HAMME 16:11:2025,,,unknown_standalone_x2o-badkamers-trofee-rectavit-flandriencross-hamme-16-11-2025_noloc,,4 van 4
