Nr,Naam,UCI ID,Nat,Club,UCI Rank,series_name,race_name,race_date,race_location,race_id_x,category_full,rider_name,rider_name_norm,merge_id,race_id_y,races_so_far,avg_place_last3,best_place_last5,last_place,days_since_last_race,last_carried_points,last_scored_points,Place
1.0,AERTS Toon,10007586087.0,BEL,DESCHACHT-HENS CX TEAM,2.0,,Telenet Superprestige AARDBEIENCROSS-MERKSPLAS 15:11:2025,,,unknown_standalone_telenet-superprestige-aardbeiencross-merksplas-15-11-2025_noloc,Men Elite,AERTS Toon,aerts toon,10007586087.0,,,,,,,,,
2.0,NYS Thibau,10065004835.0,BEL,BALOISE GLOWI LIONS,9.0,,Telenet Superprestige AARDBEIENCROSS-MERKSPLAS 15:11:2025,,,unknown_standalone_telenet-superprestige-aardbeiencross-merksplas-15-11-2025_noloc,Men Elite,NYS Thibau,nys thibau,10065004835.0,,,,,,,,,
3.0,VANTHOURENHOUT Michael,10007155651.0,BEL,PAUWELS SAUZEN - ALTEZ INDUSTRIEBOUW CT,1.0,,Telenet Superprestige AARDBEIENCROSS-MERKSPLAS 15:11:2025,,,unknown_standalone_telenet-superprestige-aardbeiencross-merksplas-15-11-2025_noloc,Men Elite,VANTHOURENHOUT Michael,vanthourenhout michael,10007155651.0,,,,,,,,,
4.0,VANDEPUTTE Niels,10016327609.0,BEL,ALPECIN-DECEUNINCK DEVELOPMENT TEAM,4.0,,Telenet Superprestige AARDBEIENCROSS-MERKSPLAS 15:11:2025,,,unknown_standalone_telenet-superprestige-aardbeiencross-merksplas-15-11-2025_noloc,Men Elite,VANDEPUTTE Niels,vandeputte niels,10016327609.0,,,,,,,,,
5.0,WYSEURE Joran,10064921777.0,BEL,CRELAN-CORENDON,5.0,,Telenet Superprestige AARDBEIENCROSS-MERKSPLAS 15:11:2025,,,unknown_standalone_telenet-superprestige-aardbeiencross-merksplas-15-11-2025_noloc,Men Elite,WYSEURE Joran,wyseure joran,10064921777.0,,,,,,,,,
6.0,SWEECK Laurens,10006912646.0,BEL,CRELAN-CORENDON,7.0,,Telenet Superprestige AARDBEIENCROSS-MERKSPLAS 15:11:2025,,,unknown_standalone_telenet-superprestige-aardbeiencross-merksplas-15-11-2025_noloc,Men Elite,SWEECK Laurens,sweeck laurens,10006912646.0,,,,,,,,,
7.0,VAN DER HAAR Lars,10006118660.0,NED,BALOISE GLOWI LIONS,8.0,,Telenet Superprestige AARDBEIENCROSS-MERKSPLAS 15:11:2025,,,unknown_standalone_telenet-superprestige-aardbeiencross-merksplas-15-11-2025_noloc,Men Elite,VAN DER HAAR Lars,van der haar lars,10006118660.0,,,,,,,,,
8.0,RONHAAR Pim,10023108212.0,NED,BALOISE GLOWI LIONS,10.0,,Telenet Superprestige AARDBEIENCROSS-MERKSPLAS 15:11:2025,,,unknown_standalone_telenet-superprestige-aardbeiencross-merksplas-15-11-2025_noloc,Men Elite,RONHAAR Pim,ronhaar pim,10023108212.0,,,,,,,,,
9.0,ORTS LLORET Felipe,10009004715.0,ESP,RIDLEY RACING TEAM,11.0,,Telenet Superprestige AARDBEIENCROSS-MERKSPLAS 15:11:2025,,,unknown_standalone_telenet-superprestige-aardbeiencross-merksplas-15-11-2025_noloc,Men Elite,ORTS LLORET Felipe,orts lloret felipe,10009004715.0,,,,,,,,,
10.0,KUHN Kevin,10009746763.0,SUI,HEIZOMAT - CUBE,14.0,,Telenet Superprestige AARDBEIENCROSS-MERKSPLAS 15:11:2025,,,unknown_standalone_telenet-superprestige-aardbeiencross-merksplas-15-11-2025_noloc,Men Elite,KUHN Kevin,kuhn kevin,10009746763.0,,,,,,,,,
11.0,NIEUWENHUIS Joris,10008705833.0,NED,RIDLEY RACING TEAM,15.0,,Telenet Superprestige AARDBEIENCROSS-MERKSPLAS 15:11:2025,,,unknown_standalone_telenet-superprestige-aardbeiencross-merksplas-15-11-2025_noloc,Men Elite,NIEUWENHUIS Joris,nieuwenhuis joris,10008705833.0,,,,,,,,,
12.0,MASON Cameron,10023574923.0,GBR,SEVEN RACING,18.0,,Telenet Superprestige AARDBEIENCROSS-MERKSPLAS 15:11:2025,,,unknown_standalone_telenet-superprestige-aardbeiencross-merksplas-15-11-2025_noloc,Men Elite,MASON Cameron,mason cameron,10023574923.0,,,,,,,,,
13.0,MICHELS Jente,10065014333.0,BEL,ALPECIN-DECEUNINCK DEVELOPMENT TEAM,20.0,,Telenet Superprestige AARDBEIENCROSS-MERKSPLAS 15:11:2025,,,unknown_standalone_telenet-superprestige-aardbeiencross-merksplas-15-11-2025_noloc,Men Elite,MICHELS Jente,michels jente,10065014333.0,,,,,,,,,
14.0,HENDRIKX Mees,10016519484.0,NED,HEIZOMAT - CUBE,22.0,,Telenet Superprestige AARDBEIENCROSS-MERKSPLAS 15:11:2025,,,unknown_standalone_telenet-superprestige-aardbeiencross-merksplas-15-11-2025_noloc,Men Elite,HENDRIKX Mees,hendrikx mees,10016519484.0,,,,,,,,,
15.0,KAMP Ryan,10023356166.0,NED,ALPECIN-DECEUNINCK DEVELOPMENT TEAM,24.0,,Telenet Superprestige AARDBEIENCROSS-MERKSPLAS 15:11:2025,,,unknown_standalone_telenet-superprestige-aardbeiencross-merksplas-15-11-2025_noloc,Men Elite,KAMP Ryan,kamp ryan,10023356166.0,,,,,,,,,
16.0,VANDEBOSCH Toon,10010943604.0,BEL,CRELAN-CORENDON,26.0,,Telenet Superprestige AARDBEIENCROSS-MERKSPLAS 15:11:2025,,,unknown_standalone_telenet-superprestige-aardbeiencross-merksplas-15-11-2025_noloc,Men Elite,VANDEBOSCH Toon,vandebosch toon,10010943604.0,,,,,,,,,
17.0,CORSUS Yordi,10065119518.0,BEL,PAUWELS SAUZEN - ALTEZ INDUSTRIEBOUW CT,34.0,,Telenet Superprestige AARDBEIENCROSS-MERKSPLAS 15:11:2025,,,unknown_standalone_telenet-superprestige-aardbeiencross-merksplas-15-11-2025_noloc,Men Elite,CORSUS Yordi,corsus yordi,10065119518.0,,,,,,,,,
18.0,DE BRUYCKERE Kay,10065053638.0,BEL,PAUWELS SAUZEN - ALTEZ INDUSTRIEBOUW CT,35.0,,Telenet Superprestige AARDBEIENCROSS-MERKSPLAS 15:11:2025,,,unknown_standalone_telenet-superprestige-aardbeiencross-merksplas-15-11-2025_noloc,Men Elite,DE BRUYCKERE Kay,de bruyckere kay,10065053638.0,,,,,,,,,
19.0,SUAREZ FERNANDEZ Kevin,10007584572.0,ESP,NESTA - MMR CX TEAM,37.0,,Telenet Superprestige AARDBEIENCROSS-MERKSPLAS 15:11:2025,,,unknown_standalone_telenet-superprestige-aardbeiencross-merksplas-15-11-2025_noloc,Men Elite,SUAREZ FERNANDEZ Kevin,suarez fernandez kevin,10007584572.0,,,,,,,,,
20.0,VAN DE PUTTE Victor,10064985940.0,BEL,DESCHACHT-HENS CX TEAM,40.0,,Telenet Superprestige AARDBEIENCROSS-MERKSPLAS 15:11:2025,,,unknown_standalone_telenet-superprestige-aardbeiencross-merksplas-15-11-2025_noloc,Men Elite,VAN DE PUTTE Victor,van de putte victor,10064985940.0,,,,,,,,,
21.0,MEEUSSEN Witse,10064931679.0,BEL,CRELAN-CORENDON,51.0,,Telenet Superprestige AARDBEIENCROSS-MERKSPLAS 15:11:2025,,,unknown_standalone_telenet-superprestige-aardbeiencross-merksplas-15-11-2025_noloc,Men Elite,MEEUSSEN Witse,meeussen witse,10064931679.0,,,,,,,,,
22.0,HORNY Clement,10016419858.0,BEL,BH-WALLONIE MTB TEAM,59.0,,Telenet Superprestige AARDBEIENCROSS-MERKSPLAS 15:11:2025,,,unknown_standalone_telenet-superprestige-aardbeiencross-merksplas-15-11-2025_noloc,Men Elite,HORNY Clement,horny clement,10016419858.0,,,,,,,,,
23.0,VAN LIEROP Danny,10023320093.0,NED,ZZPR-PARKHOTEL-ORANGE-BABIES CT,79.0,,Telenet Superprestige AARDBEIENCROSS-MERKSPLAS 15:11:2025,,,unknown_standalone_telenet-superprestige-aardbeiencross-merksplas-15-11-2025_noloc,Men Elite,VAN LIEROP Danny,van lierop danny,10023320093.0,,,,,,,,,
24.0,MARASCO Lorenzo,10023530059.0,FRA,SEBMOTOBIKES CX TEAM,97.0,,Telenet Superprestige AARDBEIENCROSS-MERKSPLAS 15:11:2025,,,unknown_standalone_telenet-superprestige-aardbeiencross-merksplas-15-11-2025_noloc,Men Elite,MARASCO Lorenzo,marasco lorenzo,10023530059.0,,,,,,,,,
25.0,KUYPERS Gerben,10016322757.0,BEL,CHARLES-LIÉGEOIS ROASTERY CX,98.0,,Telenet Superprestige AARDBEIENCROSS-MERKSPLAS 15:11:2025,,,unknown_standalone_telenet-superprestige-aardbeiencross-merksplas-15-11-2025_noloc,Men Elite,KUYPERS Gerben,kuypers gerben,10016322757.0,,,,,,,,,
26.0,FERDINANDE Anton,10016322656.0,BEL,SHIFTING GEARS,112.0,,Telenet Superprestige AARDBEIENCROSS-MERKSPLAS 15:11:2025,,,unknown_standalone_telenet-superprestige-aardbeiencross-merksplas-15-11-2025_noloc,Men Elite,FERDINANDE Anton,ferdinande anton,10016322656.0,,,,,,,,,
27.0,OERTZEN Max Heiner,10036147739.0,GER,PETER PANE NAGEL CX TEAM,119.0,,Telenet Superprestige AARDBEIENCROSS-MERKSPLAS 15:11:2025,,,unknown_standalone_telenet-superprestige-aardbeiencross-merksplas-15-11-2025_noloc,Men Elite,OERTZEN Max Heiner,oertzen max heiner,10036147739.0,,,,,,,,,
28.0,OBERTEICHER Matteo,10036188458.0,GER,PETER PANE NAGEL CX TEAM,148.0,,Telenet Superprestige AARDBEIENCROSS-MERKSPLAS 15:11:2025,,,unknown_standalone_telenet-superprestige-aardbeiencross-merksplas-15-11-2025_noloc,Men Elite,OBERTEICHER Matteo,oberteicher matteo,10036188458.0,,,,,,,,,
29.0,LOOCKX Lander,10009360884.0,BEL,UNIBET TIETEMA ROCKETS,149.0,,Telenet Superprestige AARDBEIENCROSS-MERKSPLAS 15:11:2025,,,unknown_standalone_telenet-superprestige-aardbeiencross-merksplas-15-11-2025_noloc,Men Elite,LOOCKX Lander,loockx lander,10009360884.0,,,,,,,,,
30.0,JANSSEN Wout,10064972095.0,BEL,CYCLIS - VAN DEN PLAS CYCLING TEAM,156.0,,Telenet Superprestige AARDBEIENCROSS-MERKSPLAS 15:11:2025,,,unknown_standalone_telenet-superprestige-aardbeiencross-merksplas-15-11-2025_noloc,Men Elite,JANSSEN Wout,janssen wout,10064972095.0,,,,,,,,,
31.0,DELNOIJE Remon,10022684139.0,NED,TWC DE KEMPEN,172.0,,Telenet Superprestige AARDBEIENCROSS-MERKSPLAS 15:11:2025,,,unknown_standalone_telenet-superprestige-aardbeiencross-merksplas-15-11-2025_noloc,Men Elite,DELNOIJE Remon,delnoije remon,10022684139.0,,,,,,,,,
32.0,KING Carden,10065999083.0,USA,TRIPLE CROWN WORKSHOP,330.0,,Telenet Superprestige AARDBEIENCROSS-MERKSPLAS 15:11:2025,,,unknown_standalone_telenet-superprestige-aardbeiencross-merksplas-15-11-2025_noloc,Men Elite,KING Carden,king carden,10065999083.0,,,,,,,,,
33.0,OKAYAMA Yuta,10021324321.0,JPN,OLANDA BASE/WATERSLEY,385.0,,Telenet Superprestige AARDBEIENCROSS-MERKSPLAS 15:11:2025,,,unknown_standalone_telenet-superprestige-aardbeiencross-merksplas-15-11-2025_noloc,Men Elite,OKAYAMA Yuta,okayama yuta,10021324321.0,,,,,,,,,
34.0,MEEUSEN Tom,10003341632.0,BEL,CYCLIS - VAN DEN PLAS CYCLING TEAM,468.0,,Telenet Superprestige AARDBEIENCROSS-MERKSPLAS 15:11:2025,,,unknown_standalone_telenet-superprestige-aardbeiencross-merksplas-15-11-2025_noloc,Men Elite,MEEUSEN Tom,meeusen tom,10003341632.0,,,,,,,,,
35.0,RIJVERS Max,10023116090.0,NED,RB ZELFBOUW UCT,469.0,,Telenet Superprestige AARDBEIENCROSS-MERKSPLAS 15:11:2025,,,unknown_standalone_telenet-superprestige-aardbeiencross-merksplas-15-11-2025_noloc,Men Elite,RIJVERS Max,rijvers max,10023116090.0,,,,,,,,,
36.0,DAELMANS Bengt,10066080020.0,BEL,CYCLIS - VAN DEN PLAS CYCLING TEAM,560.0,,Telenet Superprestige AARDBEIENCROSS-MERKSPLAS 15:11:2025,,,unknown_standalone_telenet-superprestige-aardbeiencross-merksplas-15-11-2025_noloc,Men Elite,DAELMANS Bengt,daelmans bengt,10066080020.0,,,,,,,,,
37.0,VERHEYEN Thomas,10009523057.0,BEL,RB ZELFBOUW UCT,593.0,,Telenet Superprestige AARDBEIENCROSS-MERKSPLAS 15:11:2025,,,unknown_standalone_telenet-superprestige-aardbeiencross-merksplas-15-11-2025_noloc,Men Elite,VERHEYEN Thomas,verheyen thomas,10009523057.0,,,,,,,,,
38.0,MOURIS Michiel,10023052335.0,NED,ZZPR.NL-PARKHOTEL-ORANGE BABIES CT,,,Telenet Superprestige AARDBEIENCROSS-MERKSPLAS 15:11:2025,,,unknown_standalone_telenet-superprestige-aardbeiencross-merksplas-15-11-2025_noloc,Men Elite,MOURIS Michiel,mouris michiel,10023052335.0,,,,,,,,,
39.0,MEEUSEN Lennert,10065190953.0,BEL,WAC TEAM VZW,,,Telenet Superprestige AARDBEIENCROSS-MERKSPLAS 15:11:2025,,,unknown_standalone_telenet-superprestige-aardbeiencross-merksplas-15-11-2025_noloc,Men Elite,MEEUSEN Lennert,meeusen lennert,10065190953.0,,,,,,,,,
40.0,DAELMANS Lars,10119457908.0,BEL,STARBIKES - VISTABUILD,,,Telenet Superprestige AARDBEIENCROSS-MERKSPLAS 15:11:2025,,,unknown_standalone_telenet-superprestige-aardbeiencross-merksplas-15-11-2025_noloc,Men Elite,DAELMANS Lars,daelmans lars,10119457908.0,,,,,,,,,
1.0,VAN DER HEIJDEN Inge,10010592885.0,NED,CRELAN-CORENDON,3.0,,Telenet Superprestige AARDBEIENCROSS-MERKSPLAS 15:11:2025,,,unknown_standalone_telenet-superprestige-aardbeiencross-merksplas-15-11-2025_noloc,Women Elite,VAN DER HEIJDEN Inge,van der heijden inge,10010592885.0,,,,,,,,,
2.0,BRAND Lucinda,10006605680.0,NED,BALOISE GLOWI LIONS,1.0,,Telenet Superprestige AARDBEIENCROSS-MERKSPLAS 15:11:2025,,,unknown_standalone_telenet-superprestige-aardbeiencross-merksplas-15-11-2025_noloc,Women Elite,BRAND Lucinda,brand lucinda,10006605680.0,,,,,,,,,
3.0,BAKKER Manon,10009521643.0,NED,FENIX-DECEUNINCK DEVELOPMENT TEAM,8.0,,Telenet Superprestige AARDBEIENCROSS-MERKSPLAS 15:11:2025,,,unknown_standalone_telenet-superprestige-aardbeiencross-merksplas-15-11-2025_noloc,Women Elite,BAKKER Manon,bakker manon,10009521643.0,,,,,,,,,
4.0,CASASOLA Sara,10010998972.0,ITA,FENIX-DECEUNINCK,11.0,,Telenet Superprestige AARDBEIENCROSS-MERKSPLAS 15:11:2025,,,unknown_standalone_telenet-superprestige-aardbeiencross-merksplas-15-11-2025_noloc,Women Elite,CASASOLA Sara,casasola sara,10010998972.0,,,,,,,,,
5.0,BENTVELD Leonie,10023336564.0,NED,PAUWELS SAUZEN - ALTEZ INDUSTRIEBOUW CT,12.0,,Telenet Superprestige AARDBEIENCROSS-MERKSPLAS 15:11:2025,,,unknown_standalone_telenet-superprestige-aardbeiencross-merksplas-15-11-2025_noloc,Women Elite,BENTVELD Leonie,bentveld leonie,10023336564.0,,,,,,,,,
6.0,BROUWERS Julie,10065009885.0,BEL,CHARLES-LIÉGEOIS ROASTERY CX,13.0,,Telenet Superprestige AARDBEIENCROSS-MERKSPLAS 15:11:2025,,,unknown_standalone_telenet-superprestige-aardbeiencross-merksplas-15-11-2025_noloc,Women Elite,BROUWERS Julie,brouwers julie,10065009885.0,,,,,,,,,
7.0,VAN ALPHEN Aniek,10015541303.0,NED,SEVEN RACING,14.0,,Telenet Superprestige AARDBEIENCROSS-MERKSPLAS 15:11:2025,,,unknown_standalone_telenet-superprestige-aardbeiencross-merksplas-15-11-2025_noloc,Women Elite,VAN ALPHEN Aniek,van alphen aniek,10015541303.0,,,,,,,,,
8.0,CLAUZEL Hélène,10009876806.0,FRA,INDIVIDUEEL,15.0,,Telenet Superprestige AARDBEIENCROSS-MERKSPLAS 15:11:2025,,,unknown_standalone_telenet-superprestige-aardbeiencross-merksplas-15-11-2025_noloc,Women Elite,CLAUZEL Hélène,clauzel helene,10009876806.0,,,,,,,,,
9.0,BETSEMA Denise,10007654694.0,NED,DE CEUSTER - BOUWPUNT,16.0,,Telenet Superprestige AARDBEIENCROSS-MERKSPLAS 15:11:2025,,,unknown_standalone_telenet-superprestige-aardbeiencross-merksplas-15-11-2025_noloc,Women Elite,BETSEMA Denise,betsema denise,10007654694.0,,,,,,,,,
10.0,FOUQUENET Amandine,10066772861.0,FRA,ARKEA - B&B HOTELS WOMAN,17.0,,Telenet Superprestige AARDBEIENCROSS-MERKSPLAS 15:11:2025,,,unknown_standalone_telenet-superprestige-aardbeiencross-merksplas-15-11-2025_noloc,Women Elite,FOUQUENET Amandine,fouquenet amandine,10066772861.0,,,,,,,,,
11.0,PEETERS Jinse,10011141442.0,BEL,DE CEUSTER - BOUWPUNT,38.0,,Telenet Superprestige AARDBEIENCROSS-MERKSPLAS 15:11:2025,,,unknown_standalone_telenet-superprestige-aardbeiencross-merksplas-15-11-2025_noloc,Women Elite,PEETERS Jinse,peeters jinse,10011141442.0,,,,,,,,,
12.0,KAY Anna,10015470672.0,GBR,ESSEC CYCLING TEAM,39.0,,Telenet Superprestige AARDBEIENCROSS-MERKSPLAS 15:11:2025,,,unknown_standalone_telenet-superprestige-aardbeiencross-merksplas-15-11-2025_noloc,Women Elite,KAY Anna,kay anna,10015470672.0,,,,,,,,,
13.0,HARTOG Larissa,10022713946.0,NED,ORANGE BABIES CYCLING TEAM,64.0,,Telenet Superprestige AARDBEIENCROSS-MERKSPLAS 15:11:2025,,,unknown_standalone_telenet-superprestige-aardbeiencross-merksplas-15-11-2025_noloc,Women Elite,HARTOG Larissa,hartog larissa,10022713946.0,,,,,,,,,
14.0,MOLENGRAAF Lauren,10023352126.0,NED,CHARLES-LIÉGEOIS ROASTERY CX,70.0,,Telenet Superprestige AARDBEIENCROSS-MERKSPLAS 15:11:2025,,,unknown_standalone_telenet-superprestige-aardbeiencross-merksplas-15-11-2025_noloc,Women Elite,MOLENGRAAF Lauren,molengraaf lauren,10023352126.0,,,,,,,,,
15.0,CLAUZEL Perrine,10007703194.0,FRA,AS BIKE CROSS TEAM,72.0,,Telenet Superprestige AARDBEIENCROSS-MERKSPLAS 15:11:2025,,,unknown_standalone_telenet-superprestige-aardbeiencross-merksplas-15-11-2025_noloc,Women Elite,CLAUZEL Perrine,clauzel perrine,10007703194.0,,,,,,,,,
16.0,DE BEER Jamie,10155432174.0,NED,TWC HET SNELLE WIEL BESTRONICS,86.0,,Telenet Superprestige AARDBEIENCROSS-MERKSPLAS 15:11:2025,,,unknown_standalone_telenet-superprestige-aardbeiencross-merksplas-15-11-2025_noloc,Women Elite,DE BEER Jamie,de beer jamie,10155432174.0,,,,,,,,,
17.0,VERVLOET Sterre,10065040807.0,BEL,DESCHACHT-HENS CX TEAM,105.0,,Telenet Superprestige AARDBEIENCROSS-MERKSPLAS 15:11:2025,,,unknown_standalone_telenet-superprestige-aardbeiencross-merksplas-15-11-2025_noloc,Women Elite,VERVLOET Sterre,vervloet sterre,10065040807.0,,,,,,,,,
18.0,DE SCHOESITTER Shanyl,10065150941.0,BEL,PAUWELS SAUZEN - ALTEZ INDUSTRIEBOUW CT,115.0,,Telenet Superprestige AARDBEIENCROSS-MERKSPLAS 15:11:2025,,,unknown_standalone_telenet-superprestige-aardbeiencross-merksplas-15-11-2025_noloc,Women Elite,DE SCHOESITTER Shanyl,de schoesitter shanyl,10065150941.0,,,,,,,,,
19.0,MOES Noï,10023186418.0,NED,WV SCHIJNDEL,129.0,,Telenet Superprestige AARDBEIENCROSS-MERKSPLAS 15:11:2025,,,unknown_standalone_telenet-superprestige-aardbeiencross-merksplas-15-11-2025_noloc,Women Elite,MOES Noï,moes noï,10023186418.0,,,,,,,,,
20.0,MOORS Fleur,10103395718.0,BEL,BALOISE GLOWI LIONS,149.0,,Telenet Superprestige AARDBEIENCROSS-MERKSPLAS 15:11:2025,,,unknown_standalone_telenet-superprestige-aardbeiencross-merksplas-15-11-2025_noloc,Women Elite,MOORS Fleur,moors fleur,10103395718.0,,,,,,,,,
21.0,HLADÍKOVÁ Kateřina,10047765309.0,CZE,BRILON RACING TEAM,175.0,,Telenet Superprestige AARDBEIENCROSS-MERKSPLAS 15:11:2025,,,unknown_standalone_telenet-superprestige-aardbeiencross-merksplas-15-11-2025_noloc,Women Elite,HLADÍKOVÁ Kateřina,hladíkova kateřina,10047765309.0,,,,,,,,,
22.0,SONNEMANS Sara,10023188943.0,NED,WV SCHIJNDEL,189.0,,Telenet Superprestige AARDBEIENCROSS-MERKSPLAS 15:11:2025,,,unknown_standalone_telenet-superprestige-aardbeiencross-merksplas-15-11-2025_noloc,Women Elite,SONNEMANS Sara,sonnemans sara,10023188943.0,,,,,,,,,
23.0,WENZEL Liv,10035000513.0,LUX,HESS CYCLING TEAM,197.0,,Telenet Superprestige AARDBEIENCROSS-MERKSPLAS 15:11:2025,,,unknown_standalone_telenet-superprestige-aardbeiencross-merksplas-15-11-2025_noloc,Women Elite,WENZEL Liv,wenzel liv,10035000513.0,,,,,,,,,
24.0,DE RAEDEMAEKER Alexe,10099080329.0,BEL,ESSEC CYCLING TEAM,279.0,,Telenet Superprestige AARDBEIENCROSS-MERKSPLAS 15:11:2025,,,unknown_standalone_telenet-superprestige-aardbeiencross-merksplas-15-11-2025_noloc,Women Elite,DE RAEDEMAEKER Alexe,de raedemaeker alexe,10099080329.0,,,,,,,,,
25.0,BAELE Lotte,10075241567.0,BEL,DE CEUSTER - BOUWPUNT,303.0,,Telenet Superprestige AARDBEIENCROSS-MERKSPLAS 15:11:2025,,,unknown_standalone_telenet-superprestige-aardbeiencross-merksplas-15-11-2025_noloc,Women Elite,BAELE Lotte,baele lotte,10075241567.0,,,,,,,,,
26.0,HOEFMANS Pem,10023153375.0,NED,WATERSLEY R D CYCLING TEAM,443.0,,Telenet Superprestige AARDBEIENCROSS-MERKSPLAS 15:11:2025,,,unknown_standalone_telenet-superprestige-aardbeiencross-merksplas-15-11-2025_noloc,Women Elite,HOEFMANS Pem,hoefmans pem,10023153375.0,,,,,,,,,
27.0,MOS Anniek,10085934203.0,NED,WSV DE PEDDELAARS,478.0,,Telenet Superprestige AARDBEIENCROSS-MERKSPLAS 15:11:2025,,,unknown_standalone_telenet-superprestige-aardbeiencross-merksplas-15-11-2025_noloc,Women Elite,MOS Anniek,mos anniek,10085934203.0,,,,,,,,,
28.0,SEYNAVE Ilken,10065162964.0,BEL,DESCHACHT-HENS CX TEAM,539.0,,Telenet Superprestige AARDBEIENCROSS-MERKSPLAS 15:11:2025,,,unknown_standalone_telenet-superprestige-aardbeiencross-merksplas-15-11-2025_noloc,Women Elite,SEYNAVE Ilken,seynave ilken,10065162964.0,,,,,,,,,
29.0,BLIECK Phebe,10070890715.0,BEL,ACROG-TORMANS,584.0,,Telenet Superprestige AARDBEIENCROSS-MERKSPLAS 15:11:2025,,,unknown_standalone_telenet-superprestige-aardbeiencross-merksplas-15-11-2025_noloc,Women Elite,BLIECK Phebe,blieck phebe,10070890715.0,,,,,,,,,
30.0,SCHOLLAERT Shanaya Esther,10108561168.0,BEL,BALOISE MINIMAX WB LADIES,706.0,,Telenet Superprestige AARDBEIENCROSS-MERKSPLAS 15:11:2025,,,unknown_standalone_telenet-superprestige-aardbeiencross-merksplas-15-11-2025_noloc,Women Elite,SCHOLLAERT Shanaya Esther,schollaert shanaya esther,10108561168.0,,,,,,,,,
31.0,VISSENBERG Febe,10086541663.0,BEL,WOUTIM-DEXTERS SPORT,748.0,,Telenet Superprestige AARDBEIENCROSS-MERKSPLAS 15:11:2025,,,unknown_standalone_telenet-superprestige-aardbeiencross-merksplas-15-11-2025_noloc,Women Elite,VISSENBERG Febe,vissenberg febe,10086541663.0,,,,,,,,,
32.0,BAS Selena,10023192478.0,NED,ACROG-TORMANS,800.0,,Telenet Superprestige AARDBEIENCROSS-MERKSPLAS 15:11:2025,,,unknown_standalone_telenet-superprestige-aardbeiencross-merksplas-15-11-2025_noloc,Women Elite,BAS Selena,bas selena,10023192478.0,,,,,,,,,
33.0,LEYSSENS Mart,10065253496.0,BEL,ACROG-TORMANS,810.0,,Telenet Superprestige AARDBEIENCROSS-MERKSPLAS 15:11:2025,,,unknown_standalone_telenet-superprestige-aardbeiencross-merksplas-15-11-2025_noloc,Women Elite,LEYSSENS Mart,leyssens mart,10065253496.0,,,,,,,,,
34.0,CROUX Bieke,10128526600.0,BEL,RK CYCLING TEAM,,,Telenet Superprestige AARDBEIENCROSS-MERKSPLAS 15:11:2025,,,unknown_standalone_telenet-superprestige-aardbeiencross-merksplas-15-11-2025_noloc,Women Elite,CROUX Bieke,croux bieke,10128526600.0,,,,,,,,,
35.0,DE CUYPER Emily,10098755983.0,BEL,SUPER HELP - EVIL EYE,,,Telenet Superprestige AARDBEIENCROSS-MERKSPLAS 15:11:2025,,,unknown_standalone_telenet-superprestige-aardbeiencross-merksplas-15-11-2025_noloc,Women Elite,DE CUYPER Emily,de cuyper emily,10098755983.0,,,,,,,,,
36.0,COPPELMANS Fenny,10023203390.0,NED,TALENT CYCLING,,,Telenet Superprestige AARDBEIENCROSS-MERKSPLAS 15:11:2025,,,unknown_standalone_telenet-superprestige-aardbeiencross-merksplas-15-11-2025_noloc,Women Elite,COPPELMANS Fenny,coppelmans fenny,10023203390.0,,,,,,,,,
37.0,KOOREMANS Britt,10148782119.0,BEL,KEUKENS REDANT CYCLING TEAM,,,Telenet Superprestige AARDBEIENCROSS-MERKSPLAS 15:11:2025,,,unknown_standalone_telenet-superprestige-aardbeiencross-merksplas-15-11-2025_noloc,Women Elite,KOOREMANS Britt,kooremans britt,10148782119.0,,,,,,,,,
38.0,POLFLIET Alana,10115279834.0,BEL,NEVER GIVE UP BY JOLIEN VERSCHUEREN,,,Telenet Superprestige AARDBEIENCROSS-MERKSPLAS 15:11:2025,,,unknown_standalone_telenet-superprestige-aardbeiencross-merksplas-15-11-2025_noloc,Women Elite,POLFLIET Alana,polfliet alana,10115279834.0,,,,,,,,,
39.0,LENFERINK Femke,10107712622.0,NED,AWV DE ZWALUWEN,,,Telenet Superprestige AARDBEIENCROSS-MERKSPLAS 15:11:2025,,,unknown_standalone_telenet-superprestige-aardbeiencross-merksplas-15-11-2025_noloc,Women Elite,LENFERINK Femke,lenferink femke,10107712622.0,,,,,,,,,
40.0,PARTHOENS Yana,10135754817.0,BEL,VELOPRO - ALPHAMOTORHOMES,,,Telenet Superprestige AARDBEIENCROSS-MERKSPLAS 15:11:2025,,,unknown_standalone_telenet-superprestige-aardbeiencross-merksplas-15-11-2025_noloc,Women Elite,PARTHOENS Yana,parthoens yana,10135754817.0,,,,,,,,,
41.0,BUURMEIJER Mirthe,10069095912.0,NED,WSV DE PEDDELAARS,,,Telenet Superprestige AARDBEIENCROSS-MERKSPLAS 15:11:2025,,,unknown_standalone_telenet-superprestige-aardbeiencross-merksplas-15-11-2025_noloc,Women Elite,BUURMEIJER Mirthe,buurmeijer mirthe,10069095912.0,,,,,,,,,
1.0,SVOBODA David,10047109850.0,CZE,BRILON RACING TEAM MB,13.0,,X2O BADKAMERS TROFEE RECTAVIT-FLANDRIENCROSS-HAMME 16:11:2025,,,unknown_standalone_x2o-badkamers-trofee-rectavit-flandriencross-hamme-16-11-2025_noloc,,SVOBODA David,svoboda david,10047109850.0,,,,,,,,,
2.0,HEEREN Delano,10045767311.0,NED,ACROG TORMANS,18.0,,X2O BADKAMERS TROFEE RECTAVIT-FLANDRIENCROSS-HAMME 16:11:2025,,,unknown_standalone_x2o-badkamers-trofee-rectavit-flandriencross-hamme-16-11-2025_noloc,,HEEREN Delano,heeren delano,10045767311.0,,,,,,,,,
3.0,LIPPENS Brent,10106047656.0,BEL,C.T. KEUKENS BUYSSE KNESSELARE VZW,27.0,,X2O BADKAMERS TROFEE RECTAVIT-FLANDRIENCROSS-HAMME 16:11:2025,,,unknown_standalone_x2o-badkamers-trofee-rectavit-flandriencross-hamme-16-11-2025_noloc,,LIPPENS Brent,lippens brent,10106047656.0,,,,,,,,,
4.0,VAN LEE Jari,10065219649.0,BEL,BIOMETRIC - CANYON CT,28.0,,X2O BADKAMERS TROFEE RECTAVIT-FLANDRIENCROSS-HAMME 16:11:2025,,,unknown_standalone_x2o-badkamers-trofee-rectavit-flandriencross-hamme-16-11-2025_noloc,,VAN LEE Jari,van lee jari,10065219649.0,,,,,,,,,
5.0,OSAER Emiel,10074876708.0,BEL,STARBIKES - VISTABUILD,36.0,,X2O BADKAMERS TROFEE RECTAVIT-FLANDRIENCROSS-HAMME 16:11:2025,,,unknown_standalone_x2o-badkamers-trofee-rectavit-flandriencross-hamme-16-11-2025_noloc,,OSAER Emiel,osaer emiel,10074876708.0,,,,,,,,,
6.0,SMITS Maxime,10108174380.0,BEL,ACROG-TORMANS,58.0,,X2O BADKAMERS TROFEE RECTAVIT-FLANDRIENCROSS-HAMME 16:11:2025,,,unknown_standalone_x2o-badkamers-trofee-rectavit-flandriencross-hamme-16-11-2025_noloc,,SMITS Maxime,smits maxime,10108174380.0,,,,,,,,,
7.0,VAN HOOF Kai,10059748041.0,NED,TWC HET SNELLE WIEL,61.0,,X2O BADKAMERS TROFEE RECTAVIT-FLANDRIENCROSS-HAMME 16:11:2025,,,unknown_standalone_x2o-badkamers-trofee-rectavit-flandriencross-hamme-16-11-2025_noloc,,VAN HOOF Kai,van hoof kai,10059748041.0,,,,,,,,,
8.0,DE PEUTER Toon,10065230763.0,BEL,UCT CYCLING TEAM,62.0,,X2O BADKAMERS TROFEE RECTAVIT-FLANDRIENCROSS-HAMME 16:11:2025,,,unknown_standalone_x2o-badkamers-trofee-rectavit-flandriencross-hamme-16-11-2025_noloc,,DE PEUTER Toon,de peuter toon,10065230763.0,,,,,,,,,
9.0,JANSSENS Arthur,10065223588.0,BEL,GOLAZO YOUNG LIONS,69.0,,X2O BADKAMERS TROFEE RECTAVIT-FLANDRIENCROSS-HAMME 16:11:2025,,,unknown_standalone_x2o-badkamers-trofee-rectavit-flandriencross-hamme-16-11-2025_noloc,,JANSSENS Arthur,janssens arthur,10065223588.0,,,,,,,,,
10.0,DECLERCQ Matteo,10085069788.0,BEL,"WIELERCLUB ""ONDER - ONS PARIKE"" VZW",80.0,,X2O BADKAMERS TROFEE RECTAVIT-FLANDRIENCROSS-HAMME 16:11:2025,,,unknown_standalone_x2o-badkamers-trofee-rectavit-flandriencross-hamme-16-11-2025_noloc,,DECLERCQ Matteo,declercq matteo,10085069788.0,,,,,,,,,
11.0,SPRANGERS Seppe,10112980631.0,BEL,ACROG-TORMANS,84.0,,X2O BADKAMERS TROFEE RECTAVIT-FLANDRIENCROSS-HAMME 16:11:2025,,,unknown_standalone_x2o-badkamers-trofee-rectavit-flandriencross-hamme-16-11-2025_noloc,,SPRANGERS Seppe,sprangers seppe,10112980631.0,,,,,,,,,
12.0,BEETGE Tanner,10147572548.0,GBR,DONOVAN RACING DEVELOPMENT,100.0,,X2O BADKAMERS TROFEE RECTAVIT-FLANDRIENCROSS-HAMME 16:11:2025,,,unknown_standalone_x2o-badkamers-trofee-rectavit-flandriencross-hamme-16-11-2025_noloc,,BEETGE Tanner,beetge tanner,10147572548.0,,,,,,,,,
13.0,ROIJACKERS Matt,10096529532.0,NED,ZZPR ORANGE BABIES CYCLING TEAM,109.0,,X2O BADKAMERS TROFEE RECTAVIT-FLANDRIENCROSS-HAMME 16:11:2025,,,unknown_standalone_x2o-badkamers-trofee-rectavit-flandriencross-hamme-16-11-2025_noloc,,ROIJACKERS Matt,roijackers matt,10096529532.0,,,,,,,,,
14.0,GEERTS Len,10077916848.0,BEL,WAC TEAM VZW,119.0,,X2O BADKAMERS TROFEE RECTAVIT-FLANDRIENCROSS-HAMME 16:11:2025,,,unknown_standalone_x2o-badkamers-trofee-rectavit-flandriencross-hamme-16-11-2025_noloc,,GEERTS Len,geerts len,10077916848.0,,,,,,,,,
15.0,MAENEN Dani,10138428276.0,BEL,BFY CYCLINGTEAM,132.0,,X2O BADKAMERS TROFEE RECTAVIT-FLANDRIENCROSS-HAMME 16:11:2025,,,unknown_standalone_x2o-badkamers-trofee-rectavit-flandriencross-hamme-16-11-2025_noloc,,MAENEN Dani,maenen dani,10138428276.0,,,,,,,,,
16.0,RENDERS Luca,10125887186.0,BEL,4BIKES WESTFIT,147.0,,X2O BADKAMERS TROFEE RECTAVIT-FLANDRIENCROSS-HAMME 16:11:2025,,,unknown_standalone_x2o-badkamers-trofee-rectavit-flandriencross-hamme-16-11-2025_noloc,,RENDERS Luca,renders luca,10125887186.0,,,,,,,,,
17.0,ROELS Dima,10105306921.0,BEL,"WIELERCLUB ""ONDER - ONS PARIKE"" VZW",188.0,,X2O BADKAMERS TROFEE RECTAVIT-FLANDRIENCROSS-HAMME 16:11:2025,,,unknown_standalone_x2o-badkamers-trofee-rectavit-flandriencross-hamme-16-11-2025_noloc,,ROELS Dima,roels dima,10105306921.0,,,,,,,,,
18.0,ROELANDT Alessio,10085607029.0,BEL,ACROG-TORMANS,190.0,,X2O BADKAMERS TROFEE RECTAVIT-FLANDRIENCROSS-HAMME 16:11:2025,,,unknown_standalone_x2o-badkamers-trofee-rectavit-flandriencross-hamme-16-11-2025_noloc,,ROELANDT Alessio,roelandt alessio,10085607029.0,,,,,,,,,
19.0,DE BOIS Nand,10073621970.0,BEL,GMS CYCLING TEAM GLABBEEK,215.0,,X2O BADKAMERS TROFEE RECTAVIT-FLANDRIENCROSS-HAMME 16:11:2025,,,unknown_standalone_x2o-badkamers-trofee-rectavit-flandriencross-hamme-16-11-2025_noloc,,DE BOIS Nand,de bois nand,10073621970.0,,,,,,,,,
20.0,DIJKMAN Sven,10087653426.0,NED,DE PEDDELAARS,242.0,,X2O BADKAMERS TROFEE RECTAVIT-FLANDRIENCROSS-HAMME 16:11:2025,,,unknown_standalone_x2o-badkamers-trofee-rectavit-flandriencross-hamme-16-11-2025_noloc,,DIJKMAN Sven,dijkman sven,10087653426.0,,,,,,,,,
21.0,VAN HOECK Sam,10077885021.0,BEL,WAC TEAM VZW,249.0,,X2O BADKAMERS TROFEE RECTAVIT-FLANDRIENCROSS-HAMME 16:11:2025,,,unknown_standalone_x2o-badkamers-trofee-rectavit-flandriencross-hamme-16-11-2025_noloc,,VAN HOECK Sam,van hoeck sam,10077885021.0,,,,,,,,,
22.0,GEENS Matiz,10065251274.0,BEL,WOUTIM-DEXTERS SPORT,255.0,,X2O BADKAMERS TROFEE RECTAVIT-FLANDRIENCROSS-HAMME 16:11:2025,,,unknown_standalone_x2o-badkamers-trofee-rectavit-flandriencross-hamme-16-11-2025_noloc,,GEENS Matiz,geens matiz,10065251274.0,,,,,,,,,
23.0,DE LOOSE Senne,10071751890.0,BEL,AVIA-RUDYCO CYCLING TEAM,261.0,,X2O BADKAMERS TROFEE RECTAVIT-FLANDRIENCROSS-HAMME 16:11:2025,,,unknown_standalone_x2o-badkamers-trofee-rectavit-flandriencross-hamme-16-11-2025_noloc,,DE LOOSE Senne,de loose senne,10071751890.0,,,,,,,,,
24.0,VANHOUDT Kobe,10065236221.0,BEL,CRABBÉ-DSTNY,,,X2O BADKAMERS TROFEE RECTAVIT-FLANDRIENCROSS-HAMME 16:11:2025,,,unknown_standalone_x2o-badkamers-trofee-rectavit-flandriencross-hamme-16-11-2025_noloc,,VANHOUDT Kobe,vanhoudt kobe,10065236221.0,,,,,,,,,
25.0,VAN RAEMDONCK Daan,10072115541.0,BEL,AVIA-RUDYCO CYCLING TEAM,,,X2O BADKAMERS TROFEE RECTAVIT-FLANDRIENCROSS-HAMME 16:11:2025,,,unknown_standalone_x2o-badkamers-trofee-rectavit-flandriencross-hamme-16-11-2025_noloc,,VAN RAEMDONCK Daan,van raemdonck daan,10072115541.0,,,,,,,,,
26.0,VERVAET Kobe,10130964936.0,BEL,AVIA-RUDYCO CYCLING TEAM,,,X2O BADKAMERS TROFEE RECTAVIT-FLANDRIENCROSS-HAMME 16:11:2025,,,unknown_standalone_x2o-badkamers-trofee-rectavit-flandriencross-hamme-16-11-2025_noloc,,VERVAET Kobe,vervaet kobe,10130964936.0,,,,,,,,,
27.0,VAN BELLEGHEM Thibault,10065245820.0,BEL,KON. VC ´T MEETJESLAND - KNESSELARE,,,X2O BADKAMERS TROFEE RECTAVIT-FLANDRIENCROSS-HAMME 16:11:2025,,,unknown_standalone_x2o-badkamers-trofee-rectavit-flandriencross-hamme-16-11-2025_noloc,,VAN BELLEGHEM Thibault,van belleghem thibault,10065245820.0,,,,,,,,,
28.0,SMET Maurits,10107750109.0,BEL,AVIA-RUDYCO CYCLING TEAM,,,X2O BADKAMERS TROFEE RECTAVIT-FLANDRIENCROSS-HAMME 16:11:2025,,,unknown_standalone_x2o-badkamers-trofee-rectavit-flandriencross-hamme-16-11-2025_noloc,,SMET Maurits,smet maurits,10107750109.0,,,,,,,,,
29.0,VAN VRACEM Robbe,10126379159.0,BEL,ANTWERP CYCLING TEAM KONTICH,,,X2O BADKAMERS TROFEE RECTAVIT-FLANDRIENCROSS-HAMME 16:11:2025,,,unknown_standalone_x2o-badkamers-trofee-rectavit-flandriencross-hamme-16-11-2025_noloc,,VAN VRACEM Robbe,van vracem robbe,10126379159.0,,,,,,,,,
30.0,GEENS Lowie,10073065535.0,BEL,"WIELERCLUB ""ONDER - ONS PARIKE"" VZW",,,X2O BADKAMERS TROFEE RECTAVIT-FLANDRIENCROSS-HAMME 16:11:2025,,,unknown_standalone_x2o-badkamers-trofee-rectavit-flandriencross-hamme-16-11-2025_noloc,,GEENS Lowie,geens lowie,10073065535.0,,,,,,,,,
31.0,GYSEN Quinten,10120003128.0,BEL,AVIA-RUDYCO CYCLING TEAM,,,X2O BADKAMERS TROFEE RECTAVIT-FLANDRIENCROSS-HAMME 16:11:2025,,,unknown_standalone_x2o-badkamers-trofee-rectavit-flandriencross-hamme-16-11-2025_noloc,,GYSEN Quinten,gysen quinten,10120003128.0,,,,,,,,,
32.0,STEVENS Thibau,10065229652.0,BEL,AVIA-RUDYCO CYCLING TEAM,,,X2O BADKAMERS TROFEE RECTAVIT-FLANDRIENCROSS-HAMME 16:11:2025,,,unknown_standalone_x2o-badkamers-trofee-rectavit-flandriencross-hamme-16-11-2025_noloc,,STEVENS Thibau,stevens thibau,10065229652.0,,,,,,,,,
33.0,PAUWELS Jonas,10065254712.0,BEL,ACROG-TORMANS,,,X2O BADKAMERS TROFEE RECTAVIT-FLANDRIENCROSS-HAMME 16:11:2025,,,unknown_standalone_x2o-badkamers-trofee-rectavit-flandriencross-hamme-16-11-2025_noloc,,PAUWELS Jonas,pauwels jonas,10065254712.0,,,,,,,,,
34.0,POPPE Flo,10088342429.0,BEL,GOLAZO YOUNG LIONS,,,X2O BADKAMERS TROFEE RECTAVIT-FLANDRIENCROSS-HAMME 16:11:2025,,,unknown_standalone_x2o-badkamers-trofee-rectavit-flandriencross-hamme-16-11-2025_noloc,,POPPE Flo,poppe flo,10088342429.0,,,,,,,,,
35.0,AERTS Torben,10065215407.0,BEL,TEAM KEMPEN CYCLING VZW,,,X2O BADKAMERS TROFEE RECTAVIT-FLANDRIENCROSS-HAMME 16:11:2025,,,unknown_standalone_x2o-badkamers-trofee-rectavit-flandriencross-hamme-16-11-2025_noloc,,AERTS Torben,aerts torben,10065215407.0,,,,,,,,,
36.0,DEROYE Yorbe,10111628186.0,BEL,CRABBÉ-DSTNY,,,X2O BADKAMERS TROFEE RECTAVIT-FLANDRIENCROSS-HAMME 16:11:2025,,,unknown_standalone_x2o-badkamers-trofee-rectavit-flandriencross-hamme-16-11-2025_noloc,,DEROYE Yorbe,deroye yorbe,10111628186.0,,,,,,,,,
37.0,DE GRAUWE Jairo,10094315912.0,BEL,AVIA-RUDYCO CYCLING TEAM,,,X2O BADKAMERS TROFEE RECTAVIT-FLANDRIENCROSS-HAMME 16:11:2025,,,unknown_standalone_x2o-badkamers-trofee-rectavit-flandriencross-hamme-16-11-2025_noloc,,DE GRAUWE Jairo,de grauwe jairo,10094315912.0,,,,,,,,,
38.0,VAN DYCK Robbe,10101947889.0,BEL,ANTWERP CYCLING TEAM KONTICH,,,X2O BADKAMERS TROFEE RECTAVIT-FLANDRIENCROSS-HAMME 16:11:2025,,,unknown_standalone_x2o-badkamers-trofee-rectavit-flandriencross-hamme-16-11-2025_noloc,,VAN DYCK Robbe,van dyck robbe,10101947889.0,,,,,,,,,
39.0,WILSSENS Laurens,10065247537.0,BEL,WAC TEAM VZW,,,X2O BADKAMERS TROFEE RECTAVIT-FLANDRIENCROSS-HAMME 16:11:2025,,,unknown_standalone_x2o-badkamers-trofee-rectavit-flandriencross-hamme-16-11-2025_noloc,,WILSSENS Laurens,wilssens laurens,10065247537.0,,,,,,,,,
40.0,BEELS Finn,10125904869.0,BEL,HOTOND SPORTHOTEL-LITUBRA PARKET-WT WAREGEM,,,X2O BADKAMERS TROFEE RECTAVIT-FLANDRIENCROSS-HAMME 16:11:2025,,,unknown_standalone_x2o-badkamers-trofee-rectavit-flandriencross-hamme-16-11-2025_noloc,,BEELS Finn,beels finn,10125904869.0,,,,,,,,,
41.0,WAUTELET Grégoire,10147749067.0,BEL,KZLWC - AE,,,X2O BADKAMERS TROFEE RECTAVIT-FLANDRIENCROSS-HAMME 16:11:2025,,,unknown_standalone_x2o-badkamers-trofee-rectavit-flandriencross-hamme-16-11-2025_noloc,,WAUTELET Grégoire,wautelet gregoire,10147749067.0,,,,,,,,,
42.0,VERHEUGHE Emilien,10109751743.0,BEL,"WIELERCLUB ""ONDER - ONS PARIKE"" VZW",,,X2O BADKAMERS TROFEE RECTAVIT-FLANDRIENCROSS-HAMME 16:11:2025,,,unknown_standalone_x2o-badkamers-trofee-rectavit-flandriencross-hamme-16-11-2025_noloc,,VERHEUGHE Emilien,verheughe emilien,10109751743.0,,,,,,,,,
43.0,TAZELAAR Maike,10023170250.0,NED,ZRTC THEO MIDDELKAMP,,,X2O BADKAMERS TROFEE RECTAVIT-FLANDRIENCROSS-HAMME 16:11:2025,,,unknown_standalone_x2o-badkamers-trofee-rectavit-flandriencross-hamme-16-11-2025_noloc,,TAZELAAR Maike,tazelaar maike,10023170250.0,,,,,,,,,
44.0,VAN HEMELRIJK Joren,10109587954.0,BEL,"WIELERCLUB ""ONDER - ONS PARIKE"" VZW",,,X2O BADKAMERS TROFEE RECTAVIT-FLANDRIENCROSS-HAMME 16:11:2025,,,unknown_standalone_x2o-badkamers-trofee-rectavit-flandriencross-hamme-16-11-2025_noloc,,VAN HEMELRIJK Joren,van hemelrijk joren,10109587954.0,,,,,,,,,
45.0,DE NEEF Jens,10158147871.0,BEL,VAN MOER LOGISTICS CYCLING TEAM,,,X2O BADKAMERS TROFEE RECTAVIT-FLANDRIENCROSS-HAMME 16:11:2025,,,unknown_standalone_x2o-badkamers-trofee-rectavit-flandriencross-hamme-16-11-2025_noloc,,DE NEEF Jens,de neef jens,10158147871.0,,,,,,,,,
46.0,DE CLERCK Miel,10065231268.0,BEL,VAN MOER LOGISTICS CYCLING TEAM,,,X2O BADKAMERS TROFEE RECTAVIT-FLANDRIENCROSS-HAMME 16:11:2025,,,unknown_standalone_x2o-badkamers-trofee-rectavit-flandriencross-hamme-16-11-2025_noloc,,DE CLERCK Miel,de clerck miel,10065231268.0,,,,,,,,,
47.0,GROENEVELD Darian,10062936109.0,NED,Individueel,,,X2O BADKAMERS TROFEE RECTAVIT-FLANDRIENCROSS-HAMME 16:11:2025,,,unknown_standalone_x2o-badkamers-trofee-rectavit-flandriencross-hamme-16-11-2025_noloc,,GROENEVELD Darian,groeneveld darian,10062936109.0,,,,,,,,,
48.0,DEGEZELLE Lars,10119293816.0,BEL,THE LEAD OUT CYCLING ACADEMY,,,X2O BADKAMERS TROFEE RECTAVIT-FLANDRIENCROSS-HAMME 16:11:2025,,,unknown_standalone_x2o-badkamers-trofee-rectavit-flandriencross-hamme-16-11-2025_noloc,,DEGEZELLE Lars,degezelle lars,10119293816.0,,,,,,,,,
49.0,HAMERLINCK Jasper,10123071661.0,BEL,SPORT EN MOEDIG GENK,,,X2O BADKAMERS TROFEE RECTAVIT-FLANDRIENCROSS-HAMME 16:11:2025,,,unknown_standalone_x2o-badkamers-trofee-rectavit-flandriencross-hamme-16-11-2025_noloc,,HAMERLINCK Jasper,hamerlinck jasper,10123071661.0,,,,,,,,,
50.0,VANDEKERKHOVE Clément,10138322889.0,FRA,ECV BOULZICOURT,,,X2O BADKAMERS TROFEE RECTAVIT-FLANDRIENCROSS-HAMME 16:11:2025,,,unknown_standalone_x2o-badkamers-trofee-rectavit-flandriencross-hamme-16-11-2025_noloc,,VANDEKERKHOVE Clément,vandekerkhove clement,10138322889.0,,,,,,,,,
51.0,DEGEZELLE Niels,10122623845.0,BEL,THE LEAD OUT CYCLING ACADEMY,,,X2O BADKAMERS TROFEE RECTAVIT-FLANDRIENCROSS-HAMME 16:11:2025,,,unknown_standalone_x2o-badkamers-trofee-rectavit-flandriencross-hamme-16-11-2025_noloc,,DEGEZELLE Niels,degezelle niels,10122623845.0,,,,,,,,,
52.0,GOOSSENAERTS Sebastiaan,10099362841.0,BEL,ANTWERP CYCLING TEAM KONTICH,,,X2O BADKAMERS TROFEE RECTAVIT-FLANDRIENCROSS-HAMME 16:11:2025,,,unknown_standalone_x2o-badkamers-trofee-rectavit-flandriencross-hamme-16-11-2025_noloc,,GOOSSENAERTS Sebastiaan,goossenaerts sebastiaan,10099362841.0,,,,,,,,,
53.0,VAN MALDEREN Robbe,10089093268.0,BEL,NOW CYCLING TEAM,,,X2O BADKAMERS TROFEE RECTAVIT-FLANDRIENCROSS-HAMME 16:11:2025,,,unknown_standalone_x2o-badkamers-trofee-rectavit-flandriencross-hamme-16-11-2025_noloc,,VAN MALDEREN Robbe,van malderen robbe,10089093268.0,,,,,,,,,
,1 van 4,nan,,,,,X2O BADKAMERS TROFEE RECTAVIT-FLANDRIENCROSS-HAMME 16:11:2025,,,unknown_standalone_x2o-badkamers-trofee-rectavit-flandriencross-hamme-16-11-2025_noloc,,1 van 4,1 van 4,nan,,,,,,,,,
1.0,CORSUS Yordi,10065119518.0,BEL,PAUWELS SAUZEN - ALTEZ INDUSTRIEBOUW CT,34.0,,X2O BADKAMERS TROFEE RECTAVIT-FLANDRIENCROSS-HAMME 16:11:2025,,,unknown_standalone_x2o-badkamers-trofee-rectavit-flandriencross-hamme-16-11-2025_noloc,,CORSUS Yordi,corsus yordi,10065119518.0,,,,,,,,,
2.0,DE BRUYCKERE Kay,10065053638.0,BEL,PAUWELS SAUZEN - ALTEZ INDUSTRIEBOUW CT,35.0,,X2O BADKAMERS TROFEE RECTAVIT-FLANDRIENCROSS-HAMME 16:11:2025,,,unknown_standalone_x2o-badkamers-trofee-rectavit-flandriencross-hamme-16-11-2025_noloc,,DE BRUYCKERE Kay,de bruyckere kay,10065053638.0,,,,,,,,,
3.0,VIEZZI Stefano,10030893975.0,ITA,ALPECIN DECEUNINCK DEVELOPMENT TEAM,38.0,,X2O BADKAMERS TROFEE RECTAVIT-FLANDRIENCROSS-HAMME 16:11:2025,,,unknown_standalone_x2o-badkamers-trofee-rectavit-flandriencross-hamme-16-11-2025_noloc,,VIEZZI Stefano,viezzi stefano,10030893975.0,,,,,,,,,
4.0,VAN DEN EIJNDEN Guus,10022787405.0,NED,ALPECIN-DECEUNINCK DEVELOPMENT TEAM,53.0,,X2O BADKAMERS TROFEE RECTAVIT-FLANDRIENCROSS-HAMME 16:11:2025,,,unknown_standalone_x2o-badkamers-trofee-rectavit-flandriencross-hamme-16-11-2025_noloc,,VAN DEN EIJNDEN Guus,van den eijnden guus,10022787405.0,,,,,,,,,
5.0,VAS Barnabás,10023656462.0,HUN,MBH COLDPACK BALLAN,60.0,,X2O BADKAMERS TROFEE RECTAVIT-FLANDRIENCROSS-HAMME 16:11:2025,,,unknown_standalone_x2o-badkamers-trofee-rectavit-flandriencross-hamme-16-11-2025_noloc,,VAS Barnabás,vas barnabas,10023656462.0,,,,,,,,,
6.0,DE MOYER Kenay,10065066065.0,BEL,PAUWELS SAUZEN - ALTEZ INDUSTRIEBOUW CT,70.0,,X2O BADKAMERS TROFEE RECTAVIT-FLANDRIENCROSS-HAMME 16:11:2025,,,unknown_standalone_x2o-badkamers-trofee-rectavit-flandriencross-hamme-16-11-2025_noloc,,DE MOYER Kenay,de moyer kenay,10065066065.0,,,,,,,,,
7.0,VANDENBERGHE Viktor,10087960489.0,BEL,PAUWELS SAUZEN - ALTEZ INDUSTRIEBOUW CT,75.0,,X2O BADKAMERS TROFEE RECTAVIT-FLANDRIENCROSS-HAMME 16:11:2025,,,unknown_standalone_x2o-badkamers-trofee-rectavit-flandriencross-hamme-16-11-2025_noloc,,VANDENBERGHE Viktor,vandenberghe viktor,10087960489.0,,,,,,,,,
8.0,DE BRAUWERE Sil,10090915050.0,BEL,PAUWELS SAUZEN - ALTEZ INDUSTRIEBOUW CT,99.0,,X2O BADKAMERS TROFEE RECTAVIT-FLANDRIENCROSS-HAMME 16:11:2025,,,unknown_standalone_x2o-badkamers-trofee-rectavit-flandriencross-hamme-16-11-2025_noloc,,DE BRAUWERE Sil,de brauwere sil,10090915050.0,,,,,,,,,
9.0,OERTZEN Max Heiner,10036147739.0,GER,PETER PANE NAGEL CX TEAM,119.0,,X2O BADKAMERS TROFEE RECTAVIT-FLANDRIENCROSS-HAMME 16:11:2025,,,unknown_standalone_x2o-badkamers-trofee-rectavit-flandriencross-hamme-16-11-2025_noloc,,OERTZEN Max Heiner,oertzen max heiner,10036147739.0,,,,,,,,,
10.0,GEVAERT Miles,10065066671.0,BEL,TOMABEL-INOFEC CYCLINGTEAM,126.0,,X2O BADKAMERS TROFEE RECTAVIT-FLANDRIENCROSS-HAMME 16:11:2025,,,unknown_standalone_x2o-badkamers-trofee-rectavit-flandriencross-hamme-16-11-2025_noloc,,GEVAERT Miles,gevaert miles,10065066671.0,,,,,,,,,
11.0,VAN GRIEKEN Stan,10065097488.0,BEL,STAGECO CYCLING TEAM,179.0,,X2O BADKAMERS TROFEE RECTAVIT-FLANDRIENCROSS-HAMME 16:11:2025,,,unknown_standalone_x2o-badkamers-trofee-rectavit-flandriencross-hamme-16-11-2025_noloc,,VAN GRIEKEN Stan,van grieken stan,10065097488.0,,,,,,,,,
12.0,JAMIN Antoine,10064271877.0,BEL,BH-WALLONIE MTB TEAM,180.0,,X2O BADKAMERS TROFEE RECTAVIT-FLANDRIENCROSS-HAMME 16:11:2025,,,unknown_standalone_x2o-badkamers-trofee-rectavit-flandriencross-hamme-16-11-2025_noloc,,JAMIN Antoine,jamin antoine,10064271877.0,,,,,,,,,
13.0,BOSSAERTS Senn,10065148719.0,BEL,CYCLIS - VAN DEN PLAS CYCLING TEAM,227.0,,X2O BADKAMERS TROFEE RECTAVIT-FLANDRIENCROSS-HAMME 16:11:2025,,,unknown_standalone_x2o-badkamers-trofee-rectavit-flandriencross-hamme-16-11-2025_noloc,,BOSSAERTS Senn,bossaerts senn,10065148719.0,,,,,,,,,
14.0,HAVERDINGS Floris,10049010646.0,NED,METEOOR ASSEN RODEN,282.0,,X2O BADKAMERS TROFEE RECTAVIT-FLANDRIENCROSS-HAMME 16:11:2025,,,unknown_standalone_x2o-badkamers-trofee-rectavit-flandriencross-hamme-16-11-2025_noloc,,HAVERDINGS Floris,haverdings floris,10049010646.0,,,,,,,,,
15.0,SPRANGERS Bram,10065106784.0,BEL,VAN GORP PROJECTS - CT ZANDHOVEN,326.0,,X2O BADKAMERS TROFEE RECTAVIT-FLANDRIENCROSS-HAMME 16:11:2025,,,unknown_standalone_x2o-badkamers-trofee-rectavit-flandriencross-hamme-16-11-2025_noloc,,SPRANGERS Bram,sprangers bram,10065106784.0,,,,,,,,,
16.0,KING Carden,10065999083.0,USA,TRIPLE CROWN WORKSHOP,330.0,,X2O BADKAMERS TROFEE RECTAVIT-FLANDRIENCROSS-HAMME 16:11:2025,,,unknown_standalone_x2o-badkamers-trofee-rectavit-flandriencross-hamme-16-11-2025_noloc,,KING Carden,king carden,10065999083.0,,,,,,,,,
17.0,VANHOUDT Yoren,10065141039.0,BEL,CYCLIS - VAN DEN PLAS CYCLING TEAM,368.0,,X2O BADKAMERS TROFEE RECTAVIT-FLANDRIENCROSS-HAMME 16:11:2025,,,unknown_standalone_x2o-badkamers-trofee-rectavit-flandriencross-hamme-16-11-2025_noloc,,VANHOUDT Yoren,vanhoudt yoren,10065141039.0,,,,,,,,,
18.0,JOCHEMS Jelte,10023351015.0,NED,MBC BAR END,369.0,,X2O BADKAMERS TROFEE RECTAVIT-FLANDRIENCROSS-HAMME 16:11:2025,,,unknown_standalone_x2o-badkamers-trofee-rectavit-flandriencross-hamme-16-11-2025_noloc,,JOCHEMS Jelte,jochems jelte,10023351015.0,,,,,,,,,
19.0,LAENEN Ryan,10065187115.0,BEL,FIETSSERVICE-MONDRAKER TEAM,520.0,,X2O BADKAMERS TROFEE RECTAVIT-FLANDRIENCROSS-HAMME 16:11:2025,,,unknown_standalone_x2o-badkamers-trofee-rectavit-flandriencross-hamme-16-11-2025_noloc,,LAENEN Ryan,laenen ryan,10065187115.0,,,,,,,,,
20.0,NUYENS Wies,10065092640.0,BEL,PAUWELS SAUZEN - ALTEZ INDUSTRIEBOUW CT,531.0,,X2O BADKAMERS TROFEE RECTAVIT-FLANDRIENCROSS-HAMME 16:11:2025,,,unknown_standalone_x2o-badkamers-trofee-rectavit-flandriencross-hamme-16-11-2025_noloc,,NUYENS Wies,nuyens wies,10065092640.0,,,,,,,,,
21.0,MAES Fabian,10065152961.0,BEL,CYCLIS - VAN DEN PLAS CYCLING TEAM,533.0,,X2O BADKAMERS TROFEE RECTAVIT-FLANDRIENCROSS-HAMME 16:11:2025,,,unknown_standalone_x2o-badkamers-trofee-rectavit-flandriencross-hamme-16-11-2025_noloc,,MAES Fabian,maes fabian,10065152961.0,,,,,,,,,
22.0,DAELMANS Bengt,10066080020.0,BEL,CYCLIS - VAN DEN PLAS CYCLING TEAM,560.0,,X2O BADKAMERS TROFEE RECTAVIT-FLANDRIENCROSS-HAMME 16:11:2025,,,unknown_standalone_x2o-badkamers-trofee-rectavit-flandriencross-hamme-16-11-2025_noloc,,DAELMANS Bengt,daelmans bengt,10066080020.0,,,,,,,,,
23.0,JACOBS Lennes,10065203885.0,BEL,WAC TEAM VZW,598.0,,X2O BADKAMERS TROFEE RECTAVIT-FLANDRIENCROSS-HAMME 16:11:2025,,,unknown_standalone_x2o-badkamers-trofee-rectavit-flandriencross-hamme-16-11-2025_noloc,,JACOBS Lennes,jacobs lennes,10065203885.0,,,,,,,,,
24.0,WESTOVER Finn,10099268972.0,USA,TEAM BOOGER,612.0,,X2O BADKAMERS TROFEE RECTAVIT-FLANDRIENCROSS-HAMME 16:11:2025,,,unknown_standalone_x2o-badkamers-trofee-rectavit-flandriencross-hamme-16-11-2025_noloc,,WESTOVER Finn,westover finn,10099268972.0,,,,,,,,,
25.0,HEIRBAUT Toon,10065094256.0,BEL,DCR CYCLING TEAM,639.0,,X2O BADKAMERS TROFEE RECTAVIT-FLANDRIENCROSS-HAMME 16:11:2025,,,unknown_standalone_x2o-badkamers-trofee-rectavit-flandriencross-hamme-16-11-2025_noloc,,HEIRBAUT Toon,heirbaut toon,10065094256.0,,,,,,,,,
26.0,MARCHAND Robbe,10089840976.0,BEL,DESCHACHT-HENS CX TEAM,640.0,,X2O BADKAMERS TROFEE RECTAVIT-FLANDRIENCROSS-HAMME 16:11:2025,,,unknown_standalone_x2o-badkamers-trofee-rectavit-flandriencross-hamme-16-11-2025_noloc,,MARCHAND Robbe,marchand robbe,10089840976.0,,,,,,,,,
27.0,LOSFELD Louis,10091517056.0,BEL,TRUSTUP-CC CHEVIGNY,643.0,,X2O BADKAMERS TROFEE RECTAVIT-FLANDRIENCROSS-HAMME 16:11:2025,,,unknown_standalone_x2o-badkamers-trofee-rectavit-flandriencross-hamme-16-11-2025_noloc,,LOSFELD Louis,losfeld louis,10091517056.0,,,,,,,,,
28.0,VAN DEN BOER Arthur,10099256343.0,BEL,BALOISE GLOWI LIONS,653.0,,X2O BADKAMERS TROFEE RECTAVIT-FLANDRIENCROSS-HAMME 16:11:2025,,,unknown_standalone_x2o-badkamers-trofee-rectavit-flandriencross-hamme-16-11-2025_noloc,,VAN DEN BOER Arthur,van den boer arthur,10099256343.0,,,,,,,,,
29.0,VANDEN EYNDE Mats,10086550858.0,BEL,BALOISE GLOWI LIONS,666.0,,X2O BADKAMERS TROFEE RECTAVIT-FLANDRIENCROSS-HAMME 16:11:2025,,,unknown_standalone_x2o-badkamers-trofee-rectavit-flandriencross-hamme-16-11-2025_noloc,,VANDEN EYNDE Mats,vanden eynde mats,10086550858.0,,,,,,,,,
30.0,SMITH Finn,10087808929.0,NED,VISKERCYCLING MTB TEAM,,,X2O BADKAMERS TROFEE RECTAVIT-FLANDRIENCROSS-HAMME 16:11:2025,,,unknown_standalone_x2o-badkamers-trofee-rectavit-flandriencross-hamme-16-11-2025_noloc,,SMITH Finn,smith finn,10087808929.0,,,,,,,,,
31.0,VAN LOOY Stan,10110031225.0,BEL,WAC TEAM VZW,,,X2O BADKAMERS TROFEE RECTAVIT-FLANDRIENCROSS-HAMME 16:11:2025,,,unknown_standalone_x2o-badkamers-trofee-rectavit-flandriencross-hamme-16-11-2025_noloc,,VAN LOOY Stan,van looy stan,10110031225.0,,,,,,,,,
32.0,CRIEL Merlijn,10087513986.0,BEL,CENTER PARCS CT,,,X2O BADKAMERS TROFEE RECTAVIT-FLANDRIENCROSS-HAMME 16:11:2025,,,unknown_standalone_x2o-badkamers-trofee-rectavit-flandriencross-hamme-16-11-2025_noloc,,CRIEL Merlijn,criel merlijn,10087513986.0,,,,,,,,,
33.0,DECKERS Toon,10072053705.0,BEL,VP CONSULTING CYCLING TEAM,,,X2O BADKAMERS TROFEE RECTAVIT-FLANDRIENCROSS-HAMME 16:11:2025,,,unknown_standalone_x2o-badkamers-trofee-rectavit-flandriencross-hamme-16-11-2025_noloc,,DECKERS Toon,deckers toon,10072053705.0,,,,,,,,,
34.0,ESCAJADILLO Pablo,10115229718.0,PER,ROYAL CUREGHEM SPORTIEF VZW,,,X2O BADKAMERS TROFEE RECTAVIT-FLANDRIENCROSS-HAMME 16:11:2025,,,unknown_standalone_x2o-badkamers-trofee-rectavit-flandriencross-hamme-16-11-2025_noloc,,ESCAJADILLO Pablo,escajadillo pablo,10115229718.0,,,,,,,,,
35.0,GEENS Keano,10065201057.0,BEL,WOUTIM-DEXTERS SPORT,,,X2O BADKAMERS TROFEE RECTAVIT-FLANDRIENCROSS-HAMME 16:11:2025,,,unknown_standalone_x2o-badkamers-trofee-rectavit-flandriencross-hamme-16-11-2025_noloc,,GEENS Keano,geens keano,10065201057.0,,,,,,,,,
36.0,MEEUSEN Lennert,10065190953.0,BEL,WAC TEAM VZW,,,X2O BADKAMERS TROFEE RECTAVIT-FLANDRIENCROSS-HAMME 16:11:2025,,,unknown_standalone_x2o-badkamers-trofee-rectavit-flandriencross-hamme-16-11-2025_noloc,,MEEUSEN Lennert,meeusen lennert,10065190953.0,,,,,,,,,
37.0,WISSE Nick,10023195209.0,NED,ZRTC THEO MIDDELKAMP,,,X2O BADKAMERS TROFEE RECTAVIT-FLANDRIENCROSS-HAMME 16:11:2025,,,unknown_standalone_x2o-badkamers-trofee-rectavit-flandriencross-hamme-16-11-2025_noloc,,WISSE Nick,wisse nick,10023195209.0,,,,,,,,,
38.0,VAN DEN BERGH Toon,10065075159.0,BEL,YOUNG CYCLING TALENT D&D,,,X2O BADKAMERS TROFEE RECTAVIT-FLANDRIENCROSS-HAMME 16:11:2025,,,unknown_standalone_x2o-badkamers-trofee-rectavit-flandriencross-hamme-16-11-2025_noloc,,VAN DEN BERGH Toon,van den bergh toon,10065075159.0,,,,,,,,,
39.0,GOOVAERTS Jarne,10065116686.0,BEL,WOUTIM-DEXTERS SPORT,,,X2O BADKAMERS TROFEE RECTAVIT-FLANDRIENCROSS-HAMME 16:11:2025,,,unknown_standalone_x2o-badkamers-trofee-rectavit-flandriencross-hamme-16-11-2025_noloc,,GOOVAERTS Jarne,goovaerts jarne,10065116686.0,,,,,,,,,
40.0,GOOVAERTS Jorit,10065198330.0,BEL,WOUTIM-DEXTERS SPORT,,,X2O BADKAMERS TROFEE RECTAVIT-FLANDRIENCROSS-HAMME 16:11:2025,,,unknown_standalone_x2o-badkamers-trofee-rectavit-flandriencross-hamme-16-11-2025_noloc,,GOOVAERTS Jorit,goovaerts jorit,10065198330.0,,,,,,,,,
41.0,VAN LOOCKE Lars,10084631773.0,BEL,CAMPE LANCKRIET CYCLING TEAM,,,X2O BADKAMERS TROFEE RECTAVIT-FLANDRIENCROSS-HAMME 16:11:2025,,,unknown_standalone_x2o-badkamers-trofee-rectavit-flandriencross-hamme-16-11-2025_noloc,,VAN LOOCKE Lars,van loocke lars,10084631773.0,,,,,,,,,
42.0,VANCOMPERNOLLE Tibo,10065134470.0,BEL,DL CHEMICALS - EXPERZA CYCLING TEAM,,,X2O BADKAMERS TROFEE RECTAVIT-FLANDRIENCROSS-HAMME 16:11:2025,,,unknown_standalone_x2o-badkamers-trofee-rectavit-flandriencross-hamme-16-11-2025_noloc,,VANCOMPERNOLLE Tibo,vancompernolle tibo,10065134470.0,,,,,,,,,
43.0,DEKORT Jens,10086823771.0,BEL,VAN GORP PROJECTS - CT ZANDHOVEN,,,X2O BADKAMERS TROFEE RECTAVIT-FLANDRIENCROSS-HAMME 16:11:2025,,,unknown_standalone_x2o-badkamers-trofee-rectavit-flandriencross-hamme-16-11-2025_noloc,,DEKORT Jens,dekort jens,10086823771.0,,,,,,,,,
44.0,JACOBY François,10138094941.0,BEL,BRUSSELS CYCLING CLUB,,,X2O BADKAMERS TROFEE RECTAVIT-FLANDRIENCROSS-HAMME 16:11:2025,,,unknown_standalone_x2o-badkamers-trofee-rectavit-flandriencross-hamme-16-11-2025_noloc,,JACOBY François,jacoby françois,10138094941.0,,,,,,,,,
45.0,DE NYS Lars,10065203077.0,BEL,A.S. CONSTRUCT - CASTAAR CYCLING TEAM,,,X2O BADKAMERS TROFEE RECTAVIT-FLANDRIENCROSS-HAMME 16:11:2025,,,unknown_standalone_x2o-badkamers-trofee-rectavit-flandriencross-hamme-16-11-2025_noloc,,DE NYS Lars,de nys lars,10065203077.0,,,,,,,,,
46.0,CARDIJN Jorre,10126807575.0,BEL,GMS CYCLING TEAM GLABBEEK,,,X2O BADKAMERS TROFEE RECTAVIT-FLANDRIENCROSS-HAMME 16:11:2025,,,unknown_standalone_x2o-badkamers-trofee-rectavit-flandriencross-hamme-16-11-2025_noloc,,CARDIJN Jorre,cardijn jorre,10126807575.0,,,,,,,,,
47.0,VANLAERE Loïc,10065197421.0,BEL,STARBIKES - VISTABUILD,,,X2O BADKAMERS TROFEE RECTAVIT-FLANDRIENCROSS-HAMME 16:11:2025,,,unknown_standalone_x2o-badkamers-trofee-rectavit-flandriencross-hamme-16-11-2025_noloc,,VANLAERE Loïc,vanlaere loïc,10065197421.0,,,,,,,,,
48.0,VERSLOOT Rick,10023082142.0,NED,RC JAN VAN ARCKEL,,,X2O BADKAMERS TROFEE RECTAVIT-FLANDRIENCROSS-HAMME 16:11:2025,,,unknown_standalone_x2o-badkamers-trofee-rectavit-flandriencross-hamme-16-11-2025_noloc,,VERSLOOT Rick,versloot rick,10023082142.0,,,,,,,,,
49.0,VROLIX Yarne,10119563392.0,BEL,VAN GORP PROJECTS - CT ZANDHOVEN,,,X2O BADKAMERS TROFEE RECTAVIT-FLANDRIENCROSS-HAMME 16:11:2025,,,unknown_standalone_x2o-badkamers-trofee-rectavit-flandriencross-hamme-16-11-2025_noloc,,VROLIX Yarne,vrolix yarne,10119563392.0,,,,,,,,,
50.0,CROKET Maxime,10134157448.0,BEL,DESCHACHT-HENS CX TEAM,,,X2O BADKAMERS TROFEE RECTAVIT-FLANDRIENCROSS-HAMME 16:11:2025,,,unknown_standalone_x2o-badkamers-trofee-rectavit-flandriencross-hamme-16-11-2025_noloc,,CROKET Maxime,croket maxime,10134157448.0,,,,,,,,,
51.0,WOUTERS Jelle,10065102138.0,BEL,STAGECO CYCLING TEAM,,,X2O BADKAMERS TROFEE RECTAVIT-FLANDRIENCROSS-HAMME 16:11:2025,,,unknown_standalone_x2o-badkamers-trofee-rectavit-flandriencross-hamme-16-11-2025_noloc,,WOUTERS Jelle,wouters jelle,10065102138.0,,,,,,,,,
52.0,DEPRAETERE Gust,10084695330.0,BEL,THE LEAD OUT CYCLING ACADEMY,,,X2O BADKAMERS TROFEE RECTAVIT-FLANDRIENCROSS-HAMME 16:11:2025,,,unknown_standalone_x2o-badkamers-trofee-rectavit-flandriencross-hamme-16-11-2025_noloc,,DEPRAETERE Gust,depraetere gust,10084695330.0,,,,,,,,,
53.0,VAN BRUWAENE Emiel,10065133561.0,BEL,TOMABEL-INOFEC CYCLINGTEAM,,,X2O BADKAMERS TROFEE RECTAVIT-FLANDRIENCROSS-HAMME 16:11:2025,,,unknown_standalone_x2o-badkamers-trofee-rectavit-flandriencross-hamme-16-11-2025_noloc,,VAN BRUWAENE Emiel,van bruwaene emiel,10065133561.0,,,,,,,,,
54.0,DE CLERCQ Arne,10065059395.0,BEL,ASFRA RACING TEAM,,,X2O BADKAMERS TROFEE RECTAVIT-FLANDRIENCROSS-HAMME 16:11:2025,,,unknown_standalone_x2o-badkamers-trofee-rectavit-flandriencross-hamme-16-11-2025_noloc,,DE CLERCQ Arne,de clercq arne,10065059395.0,,,,,,,,,
55.0,JACOBS Josse,10070910115.0,BEL,WAC TEAM VZW,,,X2O BADKAMERS TROFEE RECTAVIT-FLANDRIENCROSS-HAMME 16:11:2025,,,unknown_standalone_x2o-badkamers-trofee-rectavit-flandriencross-hamme-16-11-2025_noloc,,JACOBS Josse,jacobs josse,10070910115.0,,,,,,,,,
56.0,MOURIS Michiel,10023052335.0,NED,ZZPR.NL-PARKHOTEL-ORANGE BABIES CT,,,X2O BADKAMERS TROFEE RECTAVIT-FLANDRIENCROSS-HAMME 16:11:2025,,,unknown_standalone_x2o-badkamers-trofee-rectavit-flandriencross-hamme-16-11-2025_noloc,,MOURIS Michiel,mouris michiel,10023052335.0,,,,,,,,,
57.0,IVENS Vince,10112786328.0,BEL,KZLWC - AE,,,X2O BADKAMERS TROFEE RECTAVIT-FLANDRIENCROSS-HAMME 16:11:2025,,,unknown_standalone_x2o-badkamers-trofee-rectavit-flandriencross-hamme-16-11-2025_noloc,,IVENS Vince,ivens vince,10112786328.0,,,,,,,,,
58.0,MEYLENDER Rick,10035006775.0,LUX,CYCLING TEAM ATERTDAUL,,,X2O BADKAMERS TROFEE RECTAVIT-FLANDRIENCROSS-HAMME 16:11:2025,,,unknown_standalone_x2o-badkamers-trofee-rectavit-flandriencross-hamme-16-11-2025_noloc,,MEYLENDER Rick,meylender rick,10035006775.0,,,,,,,,,
59.0,DAELMANS Lars,10119457908.0,BEL,STARBIKES - VISTABUILD,,,X2O BADKAMERS TROFEE RECTAVIT-FLANDRIENCROSS-HAMME 16:11:2025,,,unknown_standalone_x2o-badkamers-trofee-rectavit-flandriencross-hamme-16-11-2025_noloc,,DAELMANS Lars,daelmans lars,10119457908.0,,,,,,,,,
60.0,DE VOS Mees,10023304838.0,NED,ZRTC THEO MIDDELKAMP,,,X2O BADKAMERS TROFEE RECTAVIT-FLANDRIENCROSS-HAMME 16:11:2025,,,unknown_standalone_x2o-badkamers-trofee-rectavit-flandriencross-hamme-16-11-2025_noloc,,DE VOS Mees,de vos mees,10023304838.0,,,,,,,,,
61.0,MAES Brent,10125216573.0,BEL,CYCLOCROSS TEAM MJ WOOD,,,X2O BADKAMERS TROFEE RECTAVIT-FLANDRIENCROSS-HAMME 16:11:2025,,,unknown_standalone_x2o-badkamers-trofee-rectavit-flandriencross-hamme-16-11-2025_noloc,,MAES Brent,maes brent,10125216573.0,,,,,,,,,
62.0,DE NYS Milan,10065078795.0,BEL,A.S. CONSTRUCT - CASTAAR CYCLING TEAM,,,X2O BADKAMERS TROFEE RECTAVIT-FLANDRIENCROSS-HAMME 16:11:2025,,,unknown_standalone_x2o-badkamers-trofee-rectavit-flandriencross-hamme-16-11-2025_noloc,,DE NYS Milan,de nys milan,10065078795.0,,,,,,,,,
,2 van 4,nan,,,,,X2O BADKAMERS TROFEE RECTAVIT-FLANDRIENCROSS-HAMME 16:11:2025,,,unknown_standalone_x2o-badkamers-trofee-rectavit-flandriencross-hamme-16-11-2025_noloc,,2 van 4,2 van 4,nan,,,,,,,,,
63.0,SEGERS Seppe,10085565805.0,BEL,VAN GORP PROJECTS - CT ZANDHOVEN,,,X2O BADKAMERS TROFEE RECTAVIT-FLANDRIENCROSS-HAMME 16:11:2025,,,unknown_standalone_x2o-badkamers-trofee-rectavit-flandriencross-hamme-16-11-2025_noloc,,SEGERS Seppe,segers seppe,10085565805.0,,,,,,,,,
64.0,ERPELS Ferre,10065182667.0,BEL,TEAM KEMPEN CYCLING VZW,,,X2O BADKAMERS TROFEE RECTAVIT-FLANDRIENCROSS-HAMME 16:11:2025,,,unknown_standalone_x2o-badkamers-trofee-rectavit-flandriencross-hamme-16-11-2025_noloc,,ERPELS Ferre,erpels ferre,10065182667.0,,,,,,,,,
65.0,JOIJE Joppe,10076682221.0,BEL,CYCLING TEAM HOUTLAND-WESTKUST,,,X2O BADKAMERS TROFEE RECTAVIT-FLANDRIENCROSS-HAMME 16:11:2025,,,unknown_standalone_x2o-badkamers-trofee-rectavit-flandriencross-hamme-16-11-2025_noloc,,JOIJE Joppe,joije joppe,10076682221.0,,,,,,,,,
1.0,VAN DER HEIJDEN Inge,10010592885.0,NED,CRELAN-CORENDON,3.0,,X2O BADKAMERS TROFEE RECTAVIT-FLANDRIENCROSS-HAMME 16:11:2025,,,unknown_standalone_x2o-badkamers-trofee-rectavit-flandriencross-hamme-16-11-2025_noloc,,VAN DER HEIJDEN Inge,van der heijden inge,10010592885.0,,,,,,,,,
2.0,BRAND Lucinda,10006605680.0,NED,BALOISE GLOWI LIONS,1.0,,X2O BADKAMERS TROFEE RECTAVIT-FLANDRIENCROSS-HAMME 16:11:2025,,,unknown_standalone_x2o-badkamers-trofee-rectavit-flandriencross-hamme-16-11-2025_noloc,,BRAND Lucinda,brand lucinda,10006605680.0,,,,,,,,,
3.0,BAKKER Manon,10009521643.0,NED,FENIX-DECEUNINCK DEVELOPMENT TEAM,8.0,,X2O BADKAMERS TROFEE RECTAVIT-FLANDRIENCROSS-HAMME 16:11:2025,,,unknown_standalone_x2o-badkamers-trofee-rectavit-flandriencross-hamme-16-11-2025_noloc,,BAKKER Manon,bakker manon,10009521643.0,,,,,,,,,
4.0,SCHREIBER Marie,10034998489.0,LUX,TEAM SDWORX - PROTIME,10.0,,X2O BADKAMERS TROFEE RECTAVIT-FLANDRIENCROSS-HAMME 16:11:2025,,,unknown_standalone_x2o-badkamers-trofee-rectavit-flandriencross-hamme-16-11-2025_noloc,,SCHREIBER Marie,schreiber marie,10034998489.0,,,,,,,,,
5.0,BROUWERS Julie,10065009885.0,BEL,CHARLES-LIÉGEOIS ROASTERY CX,13.0,,X2O BADKAMERS TROFEE RECTAVIT-FLANDRIENCROSS-HAMME 16:11:2025,,,unknown_standalone_x2o-badkamers-trofee-rectavit-flandriencross-hamme-16-11-2025_noloc,,BROUWERS Julie,brouwers julie,10065009885.0,,,,,,,,,
6.0,VAN ALPHEN Aniek,10015541303.0,NED,SEVEN RACING,14.0,,X2O BADKAMERS TROFEE RECTAVIT-FLANDRIENCROSS-HAMME 16:11:2025,,,unknown_standalone_x2o-badkamers-trofee-rectavit-flandriencross-hamme-16-11-2025_noloc,,VAN ALPHEN Aniek,van alphen aniek,10015541303.0,,,,,,,,,
7.0,CLAUZEL Hélène,10009876806.0,FRA,INDIVIDUEEL,15.0,,X2O BADKAMERS TROFEE RECTAVIT-FLANDRIENCROSS-HAMME 16:11:2025,,,unknown_standalone_x2o-badkamers-trofee-rectavit-flandriencross-hamme-16-11-2025_noloc,,CLAUZEL Hélène,clauzel helene,10009876806.0,,,,,,,,,
8.0,BETSEMA Denise,10007654694.0,NED,DE CEUSTER - BOUWPUNT,16.0,,X2O BADKAMERS TROFEE RECTAVIT-FLANDRIENCROSS-HAMME 16:11:2025,,,unknown_standalone_x2o-badkamers-trofee-rectavit-flandriencross-hamme-16-11-2025_noloc,,BETSEMA Denise,betsema denise,10007654694.0,,,,,,,,,
9.0,CUSACK Lidia,10096124556.0,USA,USA NATIONAL TEAM,37.0,,X2O BADKAMERS TROFEE RECTAVIT-FLANDRIENCROSS-HAMME 16:11:2025,,,unknown_standalone_x2o-badkamers-trofee-rectavit-flandriencross-hamme-16-11-2025_noloc,,CUSACK Lidia,cusack lidia,10096124556.0,,,,,,,,,
10.0,KAY Anna,10015470672.0,GBR,ESSEC CYCLING TEAM,39.0,,X2O BADKAMERS TROFEE RECTAVIT-FLANDRIENCROSS-HAMME 16:11:2025,,,unknown_standalone_x2o-badkamers-trofee-rectavit-flandriencross-hamme-16-11-2025_noloc,,KAY Anna,kay anna,10015470672.0,,,,,,,,,
11.0,CRABBÉ Kiona,10064929760.0,BEL,LOTTO-X-OATS ATHLETES FOR HOPE,47.0,,X2O BADKAMERS TROFEE RECTAVIT-FLANDRIENCROSS-HAMME 16:11:2025,,,unknown_standalone_x2o-badkamers-trofee-rectavit-flandriencross-hamme-16-11-2025_noloc,,CRABBÉ Kiona,crabbe kiona,10064929760.0,,,,,,,,,
12.0,HARTOG Larissa,10022713946.0,NED,ORANGE BABIES CYCLING TEAM,64.0,,X2O BADKAMERS TROFEE RECTAVIT-FLANDRIENCROSS-HAMME 16:11:2025,,,unknown_standalone_x2o-badkamers-trofee-rectavit-flandriencross-hamme-16-11-2025_noloc,,HARTOG Larissa,hartog larissa,10022713946.0,,,,,,,,,
13.0,CLAUZEL Perrine,10007703194.0,FRA,AS BIKE CROSS TEAM,72.0,,X2O BADKAMERS TROFEE RECTAVIT-FLANDRIENCROSS-HAMME 16:11:2025,,,unknown_standalone_x2o-badkamers-trofee-rectavit-flandriencross-hamme-16-11-2025_noloc,,CLAUZEL Perrine,clauzel perrine,10007703194.0,,,,,,,,,
14.0,DE BEER Jamie,10155432174.0,NED,TWC HET SNELLE WIEL BESTRONICS,86.0,,X2O BADKAMERS TROFEE RECTAVIT-FLANDRIENCROSS-HAMME 16:11:2025,,,unknown_standalone_x2o-badkamers-trofee-rectavit-flandriencross-hamme-16-11-2025_noloc,,DE BEER Jamie,de beer jamie,10155432174.0,,,,,,,,,
15.0,VERVLOET Sterre,10065040807.0,BEL,DESCHACHT-HENS CX TEAM,105.0,,X2O BADKAMERS TROFEE RECTAVIT-FLANDRIENCROSS-HAMME 16:11:2025,,,unknown_standalone_x2o-badkamers-trofee-rectavit-flandriencross-hamme-16-11-2025_noloc,,VERVLOET Sterre,vervloet sterre,10065040807.0,,,,,,,,,
16.0,DE SCHOESITTER Shanyl,10065150941.0,BEL,PAUWELS SAUZEN - ALTEZ INDUSTRIEBOUW CT,115.0,,X2O BADKAMERS TROFEE RECTAVIT-FLANDRIENCROSS-HAMME 16:11:2025,,,unknown_standalone_x2o-badkamers-trofee-rectavit-flandriencross-hamme-16-11-2025_noloc,,DE SCHOESITTER Shanyl,de schoesitter shanyl,10065150941.0,,,,,,,,,
17.0,LAURIJSSEN Sanne,10084938941.0,BEL,CRELAN-CORENDON,130.0,,X2O BADKAMERS TROFEE RECTAVIT-FLANDRIENCROSS-HAMME 16:11:2025,,,unknown_standalone_x2o-badkamers-trofee-rectavit-flandriencross-hamme-16-11-2025_noloc,,LAURIJSSEN Sanne,laurijssen sanne,10084938941.0,,,,,,,,,
18.0,MITCHINSON Ellie,10090914646.0,GBR,MONTEZUMAS EVENTREX,135.0,,X2O BADKAMERS TROFEE RECTAVIT-FLANDRIENCROSS-HAMME 16:11:2025,,,unknown_standalone_x2o-badkamers-trofee-rectavit-flandriencross-hamme-16-11-2025_noloc,,MITCHINSON Ellie,mitchinson ellie,10090914646.0,,,,,,,,,
19.0,LEMMENS Melanie,10065232985.0,BEL,ACROG-TORMANS,154.0,,X2O BADKAMERS TROFEE RECTAVIT-FLANDRIENCROSS-HAMME 16:11:2025,,,unknown_standalone_x2o-badkamers-trofee-rectavit-flandriencross-hamme-16-11-2025_noloc,,LEMMENS Melanie,lemmens melanie,10065232985.0,,,,,,,,,
20.0,HLADÍKOVÁ Kateřina,10047765309.0,CZE,BRILON RACING TEAM,175.0,,X2O BADKAMERS TROFEE RECTAVIT-FLANDRIENCROSS-HAMME 16:11:2025,,,unknown_standalone_x2o-badkamers-trofee-rectavit-flandriencross-hamme-16-11-2025_noloc,,HLADÍKOVÁ Kateřina,hladíkova kateřina,10047765309.0,,,,,,,,,
21.0,VAN DE STEENE Kim,10007952566.0,BEL,NEVER GIVE UP BY JOLIEN VERSCHUEREN,188.0,,X2O BADKAMERS TROFEE RECTAVIT-FLANDRIENCROSS-HAMME 16:11:2025,,,unknown_standalone_x2o-badkamers-trofee-rectavit-flandriencross-hamme-16-11-2025_noloc,,VAN DE STEENE Kim,van de steene kim,10007952566.0,,,,,,,,,
22.0,WENZEL Liv,10035000513.0,LUX,HESS CYCLING TEAM,197.0,,X2O BADKAMERS TROFEE RECTAVIT-FLANDRIENCROSS-HAMME 16:11:2025,,,unknown_standalone_x2o-badkamers-trofee-rectavit-flandriencross-hamme-16-11-2025_noloc,,WENZEL Liv,wenzel liv,10035000513.0,,,,,,,,,
23.0,DE RAEDEMAEKER Alexe,10099080329.0,BEL,ESSEC CYCLING TEAM,279.0,,X2O BADKAMERS TROFEE RECTAVIT-FLANDRIENCROSS-HAMME 16:11:2025,,,unknown_standalone_x2o-badkamers-trofee-rectavit-flandriencross-hamme-16-11-2025_noloc,,DE RAEDEMAEKER Alexe,de raedemaeker alexe,10099080329.0,,,,,,,,,
24.0,MAES Lisa,10125216674.0,BEL,DE CEUSTER-ACROG,297.0,,X2O BADKAMERS TROFEE RECTAVIT-FLANDRIENCROSS-HAMME 16:11:2025,,,unknown_standalone_x2o-badkamers-trofee-rectavit-flandriencross-hamme-16-11-2025_noloc,,MAES Lisa,maes lisa,10125216674.0,,,,,,,,,
25.0,BAELE Lotte,10075241567.0,BEL,DE CEUSTER - BOUWPUNT,303.0,,X2O BADKAMERS TROFEE RECTAVIT-FLANDRIENCROSS-HAMME 16:11:2025,,,unknown_standalone_x2o-badkamers-trofee-rectavit-flandriencross-hamme-16-11-2025_noloc,,BAELE Lotte,baele lotte,10075241567.0,,,,,,,,,
26.0,DE BRUYCKERE Xenna,10065096983.0,BEL,DE CEUSTER-ACROG,321.0,,X2O BADKAMERS TROFEE RECTAVIT-FLANDRIENCROSS-HAMME 16:11:2025,,,unknown_standalone_x2o-badkamers-trofee-rectavit-flandriencross-hamme-16-11-2025_noloc,,DE BRUYCKERE Xenna,de bruyckere xenna,10065096983.0,,,,,,,,,
27.0,STEFFENHAGEN Diana,10015540592.0,GER,RSV SEEHEIM 1971,322.0,,X2O BADKAMERS TROFEE RECTAVIT-FLANDRIENCROSS-HAMME 16:11:2025,,,unknown_standalone_x2o-badkamers-trofee-rectavit-flandriencross-hamme-16-11-2025_noloc,,STEFFENHAGEN Diana,steffenhagen diana,10015540592.0,,,,,,,,,
28.0,SECCHI Giorgia,10031821135.0,ITA,ASD WOMEN CYCLING PROJECT,391.0,,X2O BADKAMERS TROFEE RECTAVIT-FLANDRIENCROSS-HAMME 16:11:2025,,,unknown_standalone_x2o-badkamers-trofee-rectavit-flandriencross-hamme-16-11-2025_noloc,,SECCHI Giorgia,secchi giorgia,10031821135.0,,,,,,,,,
29.0,MOS Anniek,10085934203.0,NED,WSV DE PEDDELAARS,478.0,,X2O BADKAMERS TROFEE RECTAVIT-FLANDRIENCROSS-HAMME 16:11:2025,,,unknown_standalone_x2o-badkamers-trofee-rectavit-flandriencross-hamme-16-11-2025_noloc,,MOS Anniek,mos anniek,10085934203.0,,,,,,,,,
30.0,SEYNAVE Ilken,10065162964.0,BEL,DESCHACHT-HENS CX TEAM,539.0,,X2O BADKAMERS TROFEE RECTAVIT-FLANDRIENCROSS-HAMME 16:11:2025,,,unknown_standalone_x2o-badkamers-trofee-rectavit-flandriencross-hamme-16-11-2025_noloc,,SEYNAVE Ilken,seynave ilken,10065162964.0,,,,,,,,,
31.0,DELCOMMUNE Juline,10078333140.0,BEL,TEAM WILINK BRUSSELS CYCLING,679.0,,X2O BADKAMERS TROFEE RECTAVIT-FLANDRIENCROSS-HAMME 16:11:2025,,,unknown_standalone_x2o-badkamers-trofee-rectavit-flandriencross-hamme-16-11-2025_noloc,,DELCOMMUNE Juline,delcommune juline,10078333140.0,,,,,,,,,
32.0,SCHOLLAERT Shanaya Esther,10108561168.0,BEL,BALOISE MINIMAX WB LADIES,706.0,,X2O BADKAMERS TROFEE RECTAVIT-FLANDRIENCROSS-HAMME 16:11:2025,,,unknown_standalone_x2o-badkamers-trofee-rectavit-flandriencross-hamme-16-11-2025_noloc,,SCHOLLAERT Shanaya Esther,schollaert shanaya esther,10108561168.0,,,,,,,,,
33.0,DE BRUYNE Meg,10009112526.0,BEL,SUPER HELP - EVIL EYE,767.0,,X2O BADKAMERS TROFEE RECTAVIT-FLANDRIENCROSS-HAMME 16:11:2025,,,unknown_standalone_x2o-badkamers-trofee-rectavit-flandriencross-hamme-16-11-2025_noloc,,DE BRUYNE Meg,de bruyne meg,10009112526.0,,,,,,,,,
34.0,KNIJNENBURG Anne,10135109967.0,NED,VOLKER WESSELS CYCLING TEAM,,,X2O BADKAMERS TROFEE RECTAVIT-FLANDRIENCROSS-HAMME 16:11:2025,,,unknown_standalone_x2o-badkamers-trofee-rectavit-flandriencross-hamme-16-11-2025_noloc,,KNIJNENBURG Anne,knijnenburg anne,10135109967.0,,,,,,,,,
1.0,AERTS Toon,10007586087.0,BEL,DESCHACHT-HENS CX TEAM,2.0,,X2O BADKAMERS TROFEE RECTAVIT-FLANDRIENCROSS-HAMME 16:11:2025,,,unknown_standalone_x2o-badkamers-trofee-rectavit-flandriencross-hamme-16-11-2025_noloc,,AERTS Toon,aerts toon,10007586087.0,,,,,,,,,
2.0,NYS Thibau,10065004835.0,BEL,BALOISE GLOWI LIONS,9.0,,X2O BADKAMERS TROFEE RECTAVIT-FLANDRIENCROSS-HAMME 16:11:2025,,,unknown_standalone_x2o-badkamers-trofee-rectavit-flandriencross-hamme-16-11-2025_noloc,,NYS Thibau,nys thibau,10065004835.0,,,,,,,,,
3.0,VANTHOURENHOUT Michael,10007155651.0,BEL,PAUWELS SAUZEN - ALTEZ INDUSTRIEBOUW CT,1.0,,X2O BADKAMERS TROFEE RECTAVIT-FLANDRIENCROSS-HAMME 16:11:2025,,,unknown_standalone_x2o-badkamers-trofee-rectavit-flandriencross-hamme-16-11-2025_noloc,,VANTHOURENHOUT Michael,vanthourenhout michael,10007155651.0,,,,,,,,,
4.0,VANDEPUTTE Niels,10016327609.0,BEL,ALPECIN-DECEUNINCK DEVELOPMENT TEAM,4.0,,X2O BADKAMERS TROFEE RECTAVIT-FLANDRIENCROSS-HAMME 16:11:2025,,,unknown_standalone_x2o-badkamers-trofee-rectavit-flandriencross-hamme-16-11-2025_noloc,,VANDEPUTTE Niels,vandeputte niels,10016327609.0,,,,,,,,,
5.0,WYSEURE Joran,10064921777.0,BEL,CRELAN-CORENDON,5.0,,X2O BADKAMERS TROFEE RECTAVIT-FLANDRIENCROSS-HAMME 16:11:2025,,,unknown_standalone_x2o-badkamers-trofee-rectavit-flandriencross-hamme-16-11-2025_noloc,,WYSEURE Joran,wyseure joran,10064921777.0,,,,,,,,,
6.0,SWEECK Laurens,10006912646.0,BEL,CRELAN-CORENDON,7.0,,X2O BADKAMERS TROFEE RECTAVIT-FLANDRIENCROSS-HAMME 16:11:2025,,,unknown_standalone_x2o-badkamers-trofee-rectavit-flandriencross-hamme-16-11-2025_noloc,,SWEECK Laurens,sweeck laurens,10006912646.0,,,,,,,,,
7.0,VAN DER HAAR Lars,10006118660.0,NED,BALOISE GLOWI LIONS,8.0,,X2O BADKAMERS TROFEE RECTAVIT-FLANDRIENCROSS-HAMME 16:11:2025,,,unknown_standalone_x2o-badkamers-trofee-rectavit-flandriencross-hamme-16-11-2025_noloc,,VAN DER HAAR Lars,van der haar lars,10006118660.0,,,,,,,,,
8.0,ORTS LLORET Felipe,10009004715.0,ESP,RIDLEY RACING TEAM,11.0,,X2O BADKAMERS TROFEE RECTAVIT-FLANDRIENCROSS-HAMME 16:11:2025,,,unknown_standalone_x2o-badkamers-trofee-rectavit-flandriencross-hamme-16-11-2025_noloc,,ORTS LLORET Felipe,orts lloret felipe,10009004715.0,,,,,,,,,
9.0,VERSTRYNGE Emiel,10064972705.0,BEL,CRELAN-CORENDON,12.0,,X2O BADKAMERS TROFEE RECTAVIT-FLANDRIENCROSS-HAMME 16:11:2025,,,unknown_standalone_x2o-badkamers-trofee-rectavit-flandriencross-hamme-16-11-2025_noloc,,VERSTRYNGE Emiel,verstrynge emiel,10064972705.0,,,,,,,,,
10.0,KUHN Kevin,10009746763.0,SUI,HEIZOMAT - CUBE,14.0,,X2O BADKAMERS TROFEE RECTAVIT-FLANDRIENCROSS-HAMME 16:11:2025,,,unknown_standalone_x2o-badkamers-trofee-rectavit-flandriencross-hamme-16-11-2025_noloc,,KUHN Kevin,kuhn kevin,10009746763.0,,,,,,,,,
11.0,NIEUWENHUIS Joris,10008705833.0,NED,RIDLEY RACING TEAM,15.0,,X2O BADKAMERS TROFEE RECTAVIT-FLANDRIENCROSS-HAMME 16:11:2025,,,unknown_standalone_x2o-badkamers-trofee-rectavit-flandriencross-hamme-16-11-2025_noloc,,NIEUWENHUIS Joris,nieuwenhuis joris,10008705833.0,,,,,,,,,
12.0,STROHMEYER Andrew,10071735019.0,USA,CXD TREK BIKES,16.0,,X2O BADKAMERS TROFEE RECTAVIT-FLANDRIENCROSS-HAMME 16:11:2025,,,unknown_standalone_x2o-badkamers-trofee-rectavit-flandriencross-hamme-16-11-2025_noloc,,STROHMEYER Andrew,strohmeyer andrew,10071735019.0,,,,,,,,,
13.0,MASON Cameron,10023574923.0,GBR,SEVEN RACING,18.0,,X2O BADKAMERS TROFEE RECTAVIT-FLANDRIENCROSS-HAMME 16:11:2025,,,unknown_standalone_x2o-badkamers-trofee-rectavit-flandriencross-hamme-16-11-2025_noloc,,MASON Cameron,mason cameron,10023574923.0,,,,,,,,,
14.0,MICHELS Jente,10065014333.0,BEL,ALPECIN-DECEUNINCK DEVELOPMENT TEAM,20.0,,X2O BADKAMERS TROFEE RECTAVIT-FLANDRIENCROSS-HAMME 16:11:2025,,,unknown_standalone_x2o-badkamers-trofee-rectavit-flandriencross-hamme-16-11-2025_noloc,,MICHELS Jente,michels jente,10065014333.0,,,,,,,,,
15.0,HENDRIKX Mees,10016519484.0,NED,HEIZOMAT - CUBE,22.0,,X2O BADKAMERS TROFEE RECTAVIT-FLANDRIENCROSS-HAMME 16:11:2025,,,unknown_standalone_x2o-badkamers-trofee-rectavit-flandriencross-hamme-16-11-2025_noloc,,HENDRIKX Mees,hendrikx mees,10016519484.0,,,,,,,,,
,3 van 4,nan,,,,,X2O BADKAMERS TROFEE RECTAVIT-FLANDRIENCROSS-HAMME 16:11:2025,,,unknown_standalone_x2o-badkamers-trofee-rectavit-flandriencross-hamme-16-11-2025_noloc,,3 van 4,3 van 4,nan,,,,,,,,,
16.0,KAMP Ryan,10023356166.0,NED,ALPECIN-DECEUNINCK DEVELOPMENT TEAM,24.0,,X2O BADKAMERS TROFEE RECTAVIT-FLANDRIENCROSS-HAMME 16:11:2025,,,unknown_standalone_x2o-badkamers-trofee-rectavit-flandriencross-hamme-16-11-2025_noloc,,KAMP Ryan,kamp ryan,10023356166.0,,,,,,,,,
17.0,VANDEBOSCH Toon,10010943604.0,BEL,CRELAN-CORENDON,26.0,,X2O BADKAMERS TROFEE RECTAVIT-FLANDRIENCROSS-HAMME 16:11:2025,,,unknown_standalone_x2o-badkamers-trofee-rectavit-flandriencross-hamme-16-11-2025_noloc,,VANDEBOSCH Toon,vandebosch toon,10010943604.0,,,,,,,,,
18.0,SUAREZ FERNANDEZ Kevin,10007584572.0,ESP,NESTA - MMR CX TEAM,37.0,,X2O BADKAMERS TROFEE RECTAVIT-FLANDRIENCROSS-HAMME 16:11:2025,,,unknown_standalone_x2o-badkamers-trofee-rectavit-flandriencross-hamme-16-11-2025_noloc,,SUAREZ FERNANDEZ Kevin,suarez fernandez kevin,10007584572.0,,,,,,,,,
19.0,VAN DE PUTTE Victor,10064985940.0,BEL,DESCHACHT-HENS CX TEAM,40.0,,X2O BADKAMERS TROFEE RECTAVIT-FLANDRIENCROSS-HAMME 16:11:2025,,,unknown_standalone_x2o-badkamers-trofee-rectavit-flandriencross-hamme-16-11-2025_noloc,,VAN DE PUTTE Victor,van de putte victor,10064985940.0,,,,,,,,,
20.0,MEEUSSEN Witse,10064931679.0,BEL,CRELAN-CORENDON,51.0,,X2O BADKAMERS TROFEE RECTAVIT-FLANDRIENCROSS-HAMME 16:11:2025,,,unknown_standalone_x2o-badkamers-trofee-rectavit-flandriencross-hamme-16-11-2025_noloc,,MEEUSSEN Witse,meeussen witse,10064931679.0,,,,,,,,,
21.0,HORNY Clement,10016419858.0,BEL,BH-WALLONIE MTB TEAM,59.0,,X2O BADKAMERS TROFEE RECTAVIT-FLANDRIENCROSS-HAMME 16:11:2025,,,unknown_standalone_x2o-badkamers-trofee-rectavit-flandriencross-hamme-16-11-2025_noloc,,HORNY Clement,horny clement,10016419858.0,,,,,,,,,
22.0,MARASCO Lorenzo,10023530059.0,FRA,SEBMOTOBIKES CX TEAM,97.0,,X2O BADKAMERS TROFEE RECTAVIT-FLANDRIENCROSS-HAMME 16:11:2025,,,unknown_standalone_x2o-badkamers-trofee-rectavit-flandriencross-hamme-16-11-2025_noloc,,MARASCO Lorenzo,marasco lorenzo,10023530059.0,,,,,,,,,
23.0,FERDINANDE Anton,10016322656.0,BEL,SHIFTING GEARS,112.0,,X2O BADKAMERS TROFEE RECTAVIT-FLANDRIENCROSS-HAMME 16:11:2025,,,unknown_standalone_x2o-badkamers-trofee-rectavit-flandriencross-hamme-16-11-2025_noloc,,FERDINANDE Anton,ferdinande anton,10016322656.0,,,,,,,,,
24.0,GROENENDAAL Bailey,10022873085.0,DEN,TWC DE KEMPEN,129.0,,X2O BADKAMERS TROFEE RECTAVIT-FLANDRIENCROSS-HAMME 16:11:2025,,,unknown_standalone_x2o-badkamers-trofee-rectavit-flandriencross-hamme-16-11-2025_noloc,,GROENENDAAL Bailey,groenendaal bailey,10022873085.0,,,,,,,,,
25.0,LOOCKX Lander,10009360884.0,BEL,UNIBET TIETEMA ROCKETS,149.0,,X2O BADKAMERS TROFEE RECTAVIT-FLANDRIENCROSS-HAMME 16:11:2025,,,unknown_standalone_x2o-badkamers-trofee-rectavit-flandriencross-hamme-16-11-2025_noloc,,LOOCKX Lander,loockx lander,10009360884.0,,,,,,,,,
26.0,JANSSEN Wout,10064972095.0,BEL,CYCLIS - VAN DEN PLAS CYCLING TEAM,156.0,,X2O BADKAMERS TROFEE RECTAVIT-FLANDRIENCROSS-HAMME 16:11:2025,,,unknown_standalone_x2o-badkamers-trofee-rectavit-flandriencross-hamme-16-11-2025_noloc,,JANSSEN Wout,janssen wout,10064972095.0,,,,,,,,,
27.0,DELNOIJE Remon,10022684139.0,NED,TWC DE KEMPEN,172.0,,X2O BADKAMERS TROFEE RECTAVIT-FLANDRIENCROSS-HAMME 16:11:2025,,,unknown_standalone_x2o-badkamers-trofee-rectavit-flandriencross-hamme-16-11-2025_noloc,,DELNOIJE Remon,delnoije remon,10022684139.0,,,,,,,,,
28.0,OKAYAMA Yuta,10021324321.0,JPN,OLANDA BASE/WATERSLEY,385.0,,X2O BADKAMERS TROFEE RECTAVIT-FLANDRIENCROSS-HAMME 16:11:2025,,,unknown_standalone_x2o-badkamers-trofee-rectavit-flandriencross-hamme-16-11-2025_noloc,,OKAYAMA Yuta,okayama yuta,10021324321.0,,,,,,,,,
29.0,DE VET Sander,10016393182.0,BEL,TRUSTUP-CC CHEVIGNY,633.0,,X2O BADKAMERS TROFEE RECTAVIT-FLANDRIENCROSS-HAMME 16:11:2025,,,unknown_standalone_x2o-badkamers-trofee-rectavit-flandriencross-hamme-16-11-2025_noloc,,DE VET Sander,de vet sander,10016393182.0,,,,,,,,,
30.0,ALDERWEIRELD Robin,10009859123.0,BEL,TEAM ATOM 6,654.0,,X2O BADKAMERS TROFEE RECTAVIT-FLANDRIENCROSS-HAMME 16:11:2025,,,unknown_standalone_x2o-badkamers-trofee-rectavit-flandriencross-hamme-16-11-2025_noloc,,ALDERWEIRELD Robin,alderweireld robin,10009859123.0,,,,,,,,,
31.0,D´HOLLANDER Senne,10064985132.0,BEL,CYCLIS - VAN DEN PLAS CYCLING TEAM,,,X2O BADKAMERS TROFEE RECTAVIT-FLANDRIENCROSS-HAMME 16:11:2025,,,unknown_standalone_x2o-badkamers-trofee-rectavit-flandriencross-hamme-16-11-2025_noloc,,D´HOLLANDER Senne,d´hollander senne,10064985132.0,,,,,,,,,
32.0,MERTENS Jonas,10064969065.0,BEL,T&T MTB RACING TEAM,,,X2O BADKAMERS TROFEE RECTAVIT-FLANDRIENCROSS-HAMME 16:11:2025,,,unknown_standalone_x2o-badkamers-trofee-rectavit-flandriencross-hamme-16-11-2025_noloc,,MERTENS Jonas,mertens jonas,10064969065.0,,,,,,,,,
33.0,JANSE Stef,10064936632.0,BEL,YOUNG CYCLING TALENT D&D,,,X2O BADKAMERS TROFEE RECTAVIT-FLANDRIENCROSS-HAMME 16:11:2025,,,unknown_standalone_x2o-badkamers-trofee-rectavit-flandriencross-hamme-16-11-2025_noloc,,JANSE Stef,janse stef,10064936632.0,,,,,,,,,
,4 van 4,nan,,,,,X2O BADKAMERS TROFEE RECTAVIT-FLANDRIENCROSS-HAMME 16:11:2025,,,unknown_standalone_x2o-badkamers-trofee-rectavit-flandriencross-hamme-16-11-2025_noloc,,4 van 4,4 van 4,nan,,,,,,,,,
